Iron Man,The Incredible Hulk,Iron Man 2,Thor,Captain America: The First Avenger,Marvel One-Shot: The Consultant,Marvel One-Shot: A Funny Thing Happened on the Way to Thor's Hammer,The Avengers,Marvel One-Shot: Item 47,Iron Man 3,Marvel One-Shot: Agent Carter,Agents of S.H.I.E.L.D.,Thor: The Dark World,Marvel One-Shot: All Hail the King,Captain America: The Winter Soldier,Guardians of the Galaxy,Agent Carter,Daredevil,Avengers: Age of Ultron,WHIH News Front,Ant-Man,Jessica Jones,Captain America: Civil War,Luke Cage,Doctor Strange,Agents of S.H.I.E.L.D.: Slingshot,Iron Fist,Guardians of the Galaxy Vol. 2,Spider-Man: Homecoming,The Defenders,Inhumans,Thor: Ragnarok,The Punisher,Runaways,Black Panther,Avengers: Infinity War,Cloak & Dagger,Ant-Man and the Wasp,Captain Marvel,Avengers: Endgame,Spider-Man: Far from Home,Helstrom,Marvel Studios: Legends,WandaVision,The Falcon and the Winter Soldier,Loki,Black Widow,What If...?,Shang-Chi and the Legend of the Ten Rings,Eternals,Hawkeye,Spider-Man: No Way Home,Moon Knight,Doctor Strange in the Multiverse of Madness,Ms. Marvel,Thor: Love and Thunder,She-Hulk: Attorney at Law,Werewolf by Night,Black Panther: Wakanda Forever,The Guardians of the Galaxy: Holiday Special,character_name,alternate_name
77:15,:30,61:15,,,:30,,31:45,,62:15,,,,,,,,,27:15,:30,,,37:15,,,,,,8:00,,,,,,,17:00,,,,34:45,:30,,9:45,,,1:00,,9:30,,,,,,,,,,,,,Tony Stark,Iron Man
23:15,,17:30,,,,,4:30,,18:00,,,,,,,,,,,,,,,,,,,:45,,,,,,,1:30,,,,4:15,,,,,,,,3:00,,,,,,,,,,,,,Pepper Potts,
22:00,,,,,,,,,,,,,,,,,,,,,,,,,,,,,,,,,,,,,,,,x:00,,,,,,,:45,,,,,,,,,,,,,Obadiah Stane,Iron Monger
10:45,,,,,,,,,:15,,,,,,,,,,,,,,,,,,,,,,,,,,,,,,,,,,,,,,,,,,,,,,,,,,,Professor Ho Yinsen,
8:15,,18:45,,,,,,,,,,,,,,,,,,,,,,,,,,,,,,,,,,,,,,,,,,,,,2:00,,,,,,,,,,,,,"Lt. Col. James ""Rhodey"" Rhodes",
6:00,,,,,,,,,,,,,,,,,,,,,,,,,,,,,,,,,,,,,,,,,,,,,,,,,,,,,,,,,,,,Raza,
3:45,,2:00,4:00,,2:15,1:45,9:00,,,,1058:30,,,,,,,,,,,,,,2:15,,,,,,,,,,,,,2:45,,,,,,,,,3:15,,,,,,,,,,,,,Agent Phil Coulson,
3:45,,1:30,,,,,,,,,,,,,,,,,9:15,,,,,,,,,,,,,,,,,,,,,,,,,,,,:15,,,,,,,,,,,,,Christine Everhart,
1:45,,,,,,,,,,,,,,,,,,,,,,,,,,,,,,,,,,,,,,,,,,,,,,,,,,,,,,,,,,,,Abu Bakaar,
1:15,,,,,,,,,,,,,,,,,,,,,,,,,,,,6:00,,,,,,,,,,,:45,7:30,,,,,,,2:00,,,,3:45,,,,,,,,,"Harold ""Happy"" Hogan",
:45,,,,,,,,,,,,,,,,,,,,,,,,,,,,,,,,,,,,,,,,2:00,,,,,,,,,,,,,,,,,,,,William Ginter Riva,
:15,,5:30,:45,:30,,,18:15,,,,5:15,,,15:30,,,,,,,,,,,,,,,,,,,,,,,,,,,,,,,,,,,,,,,,,,,,,,Director Nick Fury,
,51:45,,,,,,21:45,,:45,,,,,,,,,20:00,,,,,,,,,,,,,17:15,,,,9:30,,,:15,20:00,,,3:15,,,,,8:30,:30,,,,,,,,17:30,,,,Dr. Bruce Banner,The Hulk
,27:00,,,,,,,,,,,,,,,,,,,,,,,,,,,,,,,,,,,,,,,,,,,,,,1:45,,,,,,,,,,,,,Dr. Betty Ross,
,18:30,,,,,,,,,,,,,,,,,,,,,,,,,,,,,,,,,,,,,,,,,,,,,,,:30,,,,,,,,13:45,,,,Emil Blonsky,The Abomination
,15:00,,,,,,,,,,,,,,,,,,,,,,,,,,,,,,,,,,,,,,,,,,,,,,,,,,,,,,,,,,,General Thaddeus Ross,
,7:30,,,,,,,,,,,,,,,,,,,,,,,,,,,,,,,,,,,,,,,,,,,,,,,,,,,,,,,,,,,Samuel Sterns,
,2:15,,,,,,,,,,,,,,,,,,,,,,,,,,,,,,,,,,,,,,,,,,,,,,,,,,,,,,,,,,,Dr. Leonard Samson,
,2:15,,,,,,,,,,,,,,,,,,,,,,,,,,,,,,,,,,,,,,,,,,,,,,,,,,,,,,,,,,,Maj. Kathleen Sparr,
,:15,,,,,,,,,,,,,,,,,,,,,,,,,,,2:00,,,,,,,,,,,,6:00,,,,,,,,,,,:30,,,,,,,,,Roger Harrington,
,,20:45,,,,,,,,,,,,,,,,,,,,,,,,,,,,,,,,,,,,,,,,,,,,,,,,,,,,,,,,,,Ivan Vanko,Whiplash
,,16:30,,,,,,,,,,,:45,,,,,,,,,,,,,,,,,,,,,,,,,,,,,,,,,,,,,,,,,,,,,,,Justin Hammer,
,,9:15,,,,,24:45,,,,,,,24:45,,,,18:00,:30,,,12:00,,,,,,,,,:15,,,,5:00,,,:30,16:00,,,12:15,,,:45,65:30,18:00,,,,,,,,,,,,,Natasha Romanoff,Black Widow
,,4:15,,,,,,,6:15,,,,,,,,,,,,,,,,,,,,,,,,,,,,,,,,,,,,,,,,,,,,,,,,,,,Happy Hogan,
,,2:15,,,,,,,,,,,,:30,,,,,,,,,,,,,,,,,,,,,,,,,,,,,,,,,,,,,,,,,,,,,,Senator Stern,
,,2:00,,4:00,,,,,,:45,,,,,,40:45,,,,1:00,,1:45,,,,,,,,,,,,,,,,,3:00,,,1:00,,,,,3:15,,,,,,,,,,,,,Howard Stark,
,,1:15,,,,,,,,,,,,,,:30,,,,,,,,,,,,,,,,,,,,,,,,,,,,,,,,,,,,,,,,,,,,Anton Vanko,
,,x:00,,,,,,,,,,,,,,,,,,,,8:30,,,,,,76:15,,,,,,,7:15,,,,3:00,67:30,,:15,,,,,7:00,,,,83:45,,,,,,,,,Peter Parker,
,,,43:15,,,,18:00,,,,,35:00,,,,,,13:15,,,,,,:45,,,,,,,58:45,,,,15:15,,,,21:15,,,,,,1:30,,,,,,,,,,,,,,,Thor,
,,,21:15,,,,21:30,,,,,17:30,,,,,,,,,,,,,,,,,,,13:30,,,,3:45,,,,1:00,,,,,,,,,,,,,,,,,,,,,Loki,
,,,21:00,,,,,,,,,25:00,,,,,,,,,,,,,,,,,,,,,,,,,,,:15,,,:15,,,,,7:15,,,,,,,,29:15,,,,,Dr. Jane Foster,
,,,13:45,,,,3:00,,,,,6:30,,,,,,1:00,,,,,,,,,,,,,,,,,,,,,,,,:15,,,,,,,,,,,,,x:00,,,,,Dr. Erik Selvig,
,,,11:15,,,,,,,,,9:00,,,,,,,,,,,,,,,,,,,3:45,,,,,,,,,,,,,,:15,,,,,,,,,,,,,,,Odin,
,,,8:30,,,,,,,,,8:45,,,,,,,,,,,,,,,,,,,,,,,,,,,,,,:15,,,,,2:45,,,,,,,,,,,,,Darcy Lewis,
,,,8:15,,,,,,,,,3:15,,,,,,,,,,,,,,,,,,,,,,,,,,,,,,:15,,,,,,,,,,,,,,,,,,Sif,
,,,7:00,,,,,,,,,2:45,,,,,,,,,,,,,,,,,,,:15,,,,,,,,,,,:15,,,,,1:15,,,,,,,,,,,,,Volstagg,
,,,7:00,,,,,,,,,2:00,,,,,,,,,,,,,,,,,,,:15,,,,,,,,,,,:15,,,,,2:00,,,,,,,,,,,,,Fandral,
,,,6:30,,,,,,,,,1:00,,,,,,,,,,,,,,,,,,,1:00,,,,,,,,,,,:15,,,,,1:15,,,,,,,,,,,,,Hogun,
,,,4:15,,,,,,,,,4:15,,,,,,:30,,,,,,,,,,,,,4:30,,,,:45,,,,,,,,,,,,:30,,,,,,,,:30,,,,,Heimdall,
,,,3:30,,,,,,,,,,,,,,,,,,,,,,,,,,,,,,,,,,,,,,,:15,,,,,,,,,,,,,,,,,,Laufey,
,,,2:00,,,,,,,,,4:00,,,,,,,,,,,,,,,,,,,,,,,,,,,2:45,,,:15,,,:45,,2:45,,,,,,,,:15,,,,,Frigga,
,,,1:00,,2:30,,:30,2:15,,,5:15,,,4:00,,,,,,,,,,,,,,,,,,,,,,,,,1:00,,,,,,,,,,,,,,,,,,,,,Agent Jasper Sitwell,
,,,:30,,,,12:45,,,,,,,,,,,15:00,x:00,,,4:15,,,,,,,,,,,,,,,,,18:00,,,8:15,,,:45,,9:15,,,95:30,,,,,,,,,,Clint Barton,Hawkeye
,,,,56:30,,,28:15,,,:15,,,,59:00,,:30,,21:45,1:00,:15,,38:15,,,,,,1:00,,,,,,,7:15,,,:30,30:45,,,16:00,,,1:00,,7:15,,,,,,,,,,,,,Steve Rogers,Captain America
,,,,17:15,,,,,,7:30,3:15,,,,,344:30,,,,,,,,,,,,,,,,,,,,,,,,,,4:00,,,,,,,,,,,,,,,,,,Agent Peggy Carter,
,,,,15:30,,,,,,,,,,,,,,,,,,,,,,,,,,,,,,,,,,,,,,:30,,,,,2:15,,,,,,,,,,,,,Johann Schmidt,Red Skull
,,,,9:15,,,,,,,,,,,,,,,,,,,,,,,,,,,,,,,,,,,,,,:45,,,,,,,,,,,,,,,,,,Col. Chester Phillips,
,,,,8:30,,,,,,,,,,,,,,,,,,,,,,,,,,,,,,,,,,,,,,:15,,,,,:15,,,,,,,,,,,,,Dr. Abraham Erskine,
,,,,8:15,,,,,,,,,,2:15,,1:00,,,,,,,,,,,,,,,,,,,,,,,,,,,,,,,4:00,,,,,,,,,,,,,Dr. Arnim Zola,
,,,,8:00,,,,,,,,,,,,,,,,,,,,,,,,,,,,,,,,,,,,,,,,,,,,,,,,,,,,,,,,"Sgt. James ""Bucky"" Barnes",
,,,,2:15,,,,,,,,,,,,,,,,,,,,,,,,,,,,,,,,,,,,,,,,,,,:15,,,,,,,,,,,,,Heinz Kruger,
,,,,1:45,,,,,,:15,:30,,,,,7:15,,,,,,,,,,,,,,,,,,,,,,,,,,,,,,,1:45,,,,,,,,,,,,,"Sgt. Timothy ""Dum Dum"" Dugan",
,,,,1:45,,,,,,,,,,,,,,,,,,,,,,,,,,,,,,,,,,,,,,,,,,,1:00,,,,,,,,,,,,,Pvt. Gabe Jones,
,,,,1:30,,,,,,,:30,,,,,,,,,,,,,,,,,,,,,,,,,,,,,,,,,,,,,,,,,,,,,,,,,Pvt. Jim Morita,
,,,,1:30,,,,,,,,,,,,,,,,,,,,,,,,,,,,,,,,,,,,,,,,,,,,,,,,,,,,,,,,Pvt. James Montgomery Fallsworth,
,,,,1:30,,,,,,,,,,,,,,,,,,,,,,,,,,,,,,,,,,,,,,,,,,,:30,,,,,,,,,,,,,Pvt. Jacques Dernier,
,,,,,:30,,,,,,,,,,,,,,,,,,,,,,,,,,,,,,,,,,,,,,,,,,,,,,,,,,,,,,,Gen. Thaddeus Ross,
,,,,,,,5:30,,,,9:45,,,3:15,,,,,,,,,,,,,,,,,,,,,,,,,,,,,,,,,,,,,,,,,,,,,,Agent Maria Hill,
,,,,,,,2:30,,,,,,,,:45,,,,,,,,,,,,,,,,,,,,,,,,,,,,,,,,,,,,,,,,,,,,,The Other,
,,,,,,,1:45,,,,,,,,,,,,,,,,,,,,,,,,,,,,,,,,,,,,,,,,,,,,,,,,,,,,,Gen. Georgi Luchkov,
,,,,,,,1:00,,,,,,,,,,,,,,,,,,,,,,,,,,,,,,,,,,,,,,,,,,,,,,,,,,,,,Councilwoman Malick,
,,,,,,,1:00,,,,,,,:15,,,,,,,,,,,,,,,,,,,,,,,,,,,,,,,,,,,,,,,,,,,,,,Councilwoman Hawley,
,,,,,,,:15,,,,,,,,1:00,,,:15,,,,,,,,,,,,,,,,,31:00,,,,12:15,,,4:00,,,:15,,3:15,,,,,,,,,,,,,Thanos,
,,,,,,,,5:45,,,,,,,,,,,,,,,,,,,,,,,,,,,,,,,,,,,,,,,,,,,,,,,,,,,,Claire,
,,,,,,,,5:00,,,,,,,,,,,,,,,,,,,,,,,,,,,,,,,,,,,,,,,,,,,,,,,,,,,,Bennie,
,,,,,,,,1:45,,,6:15,,,,,,,,,,,,,,,,,,,,,,,,,,,,,,,,,,,,,,,,,,,,,,,,,Agent Felix Blake,
,,,,,,,,,12:00,,,,,,,,,,,,,,,,,,,,,,,,,,,,,,,,,,,,,,,,,,,,,,,,,,,Aldrich Killian,
,,,,,,,,,9:45,,,,,,,,,2:30,x:00,,,7:15,,,,,,,,,,,,,2:45,,,:15,,,,,,,,,,,,,,,,,,,,,,"Col. James ""Rhodey"" Rhodes",Iron Patriot
,,,,,,,,,8:45,,,,,,,,,,,,,,,,,,,,,,,,,,,,,,,,,,,,,,,,,,,,,,,,,,,Dr. Maya Hansen,
,,,,,,,,,7:30,,,,7:45,,,,,,,,,,,,,,,,,,,,,,,,,,,,,1:00,,,,,,6:15,,,,,,,,,,,,Trevor Slattery,"""The Mandarin"""
,,,,,,,,,6:15,,,,,,,,,,,,,,,,,,,,,,,,,,,,,,:15,,,,,,,,,,,,,,,,,,,,,Harley Keener,
,,,,,,,,,6:00,,,,,,,,,,,,,,,,,,,,,,,,,,,,,,,,,,,,,,,,,,,,,,,,,,,Eric Savin,
,,,,,,,,,3:00,,,,,,,,,,,,,,,,,,,,,,,,,,,,,,,,,,,,,,,,,,,,,,,,,,,Ellen Brandt,
,,,,,,,,,2:00,,5:15,,,,,,,,1:45,,,,,,,,,,,,,,,,,,,,,,,,,,,,,,,,,,,,,,,,,President Matthew Ellis,
,,,,,,,,,1:00,,,,,,,,,,,,,,,,,,,,,,,,,,,,,,,,,,,,,,,,,,,,,,,,,,,Vice-President Rodriguez,
,,,,,,,,,,3:15,,,,,,,,,,,,,,,,,,,,,,,,,,,,,,,,,,,,,,,,,,,,,,,,,,Agent Flynn,
,,,,,,,,,,,1039:00,,,,,,,,,,,,,,,,,,,,,,,,,,,,,,,,,,,,,,,,,,,,,,,,,"Agent Daisy ""Skye"" Johnson",Quake
,,,,,,,,,,,776:00,,,,,,,,,,,,,,1:30,,,,,,,,,,,,,,,,,,,,,,,,,,,,,,,,,,,Agent Jemma Simmons,
,,,,,,,,,,,716:45,,,,,,,,,,,,,,1:45,,,,,,,,,,,,,,,,,,,,,,,,,,,,,,,,,,,Agent Leo Fitz,
,,,,,,,,,,,716:30,,,,,,,,,,,,,,2:00,,,,,,,,,,,,,,,,,,,,,,,,,,,,,,,,,,,Agent Melinda May,
,,,,,,,,,,,553:00,,,,,,,,,,,,,,1:45,,,,,,,,,,,,,,,,,,,,,,,,,,,,,,,,,,,"Agent Alphonso ""Mack"" Mackenzie",
,,,,,,,,,,,337:15,,,,,,,,,,,,,,,,,,,,,,,,,,,,,,,,,,,,,,,,,,,,,,,,,Agent Grant Ward,
,,,,,,,,,,,295:45,,,,,,,,,,,,,,19:00,,,,,,,,,,,,,,,,,,,,,,,,,,,,,,,,,,,"Agent Elena ""Yo-Yo"" Rodriguez",
,,,,,,,,,,,206:45,,,,,,,,,,,,,,,,,,,,,,,,,,,,,,,,,,,,,,,,,,,,,,,,,Deke Shaw,
,,,,,,,,,,,160:30,,,,,,,,,,,,,,,,,,,,,,,,,,,,,,,,,,,,,,,,,,,,,,,,,"Agent Barbara ""Bobbi"" Morse",
,,,,,,,,,,,149:45,,,,,,,,,,,,,,,,,,,,,,,,,,,,,,,,,,,,,,,,,,,,,,,,,Agent Lance Hunter,
,,,,,,,,,,,109:15,,,,,,,,,,,,,,,,,,,,,,,,,,,,,,,,,,,,,,,,,,,,,,,,,Agent Lincoln Campbell,
,,,,,,,,,,,105:45,,,,,,,,,,,,,,,,,,,,,,,,,,,,,,,,,,,,,,,,,,,,,,,,,Brig. Gen. Glenn Talbot,
,,,,,,,,,,,92:45,,,,,,,,,,,,,,,,,,,,,,,,,,,,,,,,,,,,,,,,,,,,,,,,,Dr. Holden Radcliffe,
,,,,,,,,,,,91:00,,,,,,,,,,,,,,,,,,,,,,,,,,,,,,,,,,,,,,,,,,,,,,,,,Enoch,
,,,,,,,,,,,85:30,,,,,,,,,,,,,,,,,,,,,,,,,,,,,,,,,,,,,,,,,,,,,,,,,Jeffrey Mace,Patriot
,,,,,,,,,,,82:45,,,,,,,,,,,,,,,,,,,,,,,,,,,,,,,,,,,,,,,,,,,,,,,,,Raina,
,,,,,,,,,,,81:15,,,,,,,,,,,,,,,,,,,,,,,,,,,,,,,,,,,,,,,,,,,,,,,,,AIDA,
,,,,,,,,,,,72:45,,,,,,,,,,,,,,,,,,,,,,,,,,,,,,,,,,,,,,,,,,,,,,,,,Pachakutiq,"""Sarge"""
,,,,,,,,,,,72:15,,,,,,,,,,,,,,,,,,,,,,,,,,,,,,,,,,,,,,,,,,,,,,,,,Agent John Garrett,"""The Clairvoyant"""
,,,,,,,,,,,71:00,,,,,,,,,,,,,,,,,,,,,,,,,,,,,,,,,,,,,,,,,,,,,,,,,Dr. Calvin Johnson,
,,,,,,,,,,,66:30,,,,,,,,,,,,,,,,,,,,,,,,,,,,,,,,,,,,,,,,,,,,,,,,,Robbie Reyes,Ghost Rider
,,,,,,,,,,,66:15,,,,,,,,,,,,,,,,,,,,,,,,,,,,,,,,,,,,,,,,,,,,,,,,,Hive,
,,,,,,,,,,,62:00,,,,,,,,,,,,,,,,,,,,,,,,,,,,,,,,,,,,,,,,,,,,,,,,,Jiaying,
,,,,,,,,,,,57:30,,,,,,,,,,,,,,,,,,,,,,,,,,,,,,,,,,,,,,,,,,,,,,,,,Dr. Andrew Garner,Lash
,,,,,,,,,,,55:15,,,,,,,,,,,,,,,,,,,,,,,,,,,,,,,,,,,,,,,,,,,,,,,,,Kasius,
,,,,,,,,,,,55:00,,,,,,,,,,,,,,,,,,,,,,,,,,,,,,,,,,,,,,,,,,,,,,,,,Agent Antoine Triplett,
,,,,,,,,,,,52:15,,,,,,,,,,,,,,,,,,,,,,,,,,,,,,,,,,,,,,,,,,,,,,,,,Mike Peterson,Deathlok
,,,,,,,,,,,51:00,,,,,,,,,,,,,,,,,,,,,,,,,,,,,,,,,,,,,,,,,,,,,,,,,General Hale,
,,,,,,,,,,,49:30,,,,,,,,,,,,,,,,,,,,,,,,,,,,,,,,,,,,,,,,,,,,,,,,,Gideon Malick,
,,,,,,,,,,,46:45,,,,,,,,,,,,,,,,,,,,,,,,,,,,,,,,,,,,,,,,,,,,,,,,,Izel,
,,,,,,,,,,,38:30,,,,,,,,,,,,,,,,,,,,,,,,,,,,,,,,,,,,,,,,,,,,,,,,,Agent Piper,
,,,,,,,,,,,38:30,,,,,,,,,,,,,,,,,,,,,,,,,,,,,,,,,,,,,,,,,,,,,,,,,Agent Kara Lynn Palamas,Agent 33
,,,,,,,,,,,37:30,,,,,,,,,,,,,,,,,,,,,,,,,,,,,,,,,,,,,,,,,,,,,,,,,Anton Ivanov,
,,,,,,,,,,,37:00,,,,,,,,,,,,,,,,,,,,,,,,,,,,,,,,,,,,,,,,,,,,,,,,,Ruby Hale,
,,,,,,,,,,,35:30,,,,,,,,,,,,,,,,,,,,,,,,,,,,,,,,,,,,,,,,,,,,,,,,,Rosalind Price,
,,,,,,,,,,,34:45,,,,,,,,,,,,,,,,,,,,,,,,,,,,,,,,,,,,,,,,,,,,,,,,,Nathaniel Malick,
,,,,,,,,,,,32:00,,,,,,,,,,,,,,,,,,,,,,,,,,,,,,,,,,,,,,,,,,,,,,,,,Flint,
,,,,,,,,,,,31:30,,,,,,,,,,,,,,,,,,,,,,,,,,,,,,,,,,,,,,,,,,,,,,,,,Agent Davis,
,,,,,,,,,,,31:00,,,,,,,,,,,,,,,,,,,,,,,,,,,,,,,,,,,,,,,,,,,,,,,,,Sunil Bakshi,
,,,,,,,,,,,29:00,,,,,,,,,,,,,,,,,,,,,,,,,,,,,,,,,,,,,,,,,,,,,,,,,LMD Melinda May,
,,,,,,,,,,,27:15,,,,,,,,,,,,,,,,,,,,,,,,,,,,,,,,,,,,,,,,,,,,,,,,,Tess,
,,,,,,,,,,,27:00,,,,,,,,,,,,,,,,,,,,,,,,,,,,,,,,,,,,,,,,,,,,,,,,,Daniel Whitehall,
,,,,,,,,,,,26:30,,,,,,,,,,,,,,,,,,,,,,,,,,,,,,,,,,,,,,,,,,,,,,,,,Agent Robert Gonzales,
,,,,,,,,,,,26:00,,,,,,,,,,,,,,,,,,,,,,,,,,,,,,,,,,,,,,,,,,,,,,,,,Gordon,
,,,,,,,,,,,24:30,,,,,,,,,,,,,,,,,,,,,,,,,,,,,,,,,,,,,,,,,,,,,,,,,"Carl ""Crusher"" Creel",
,,,,,,,,,,,24:30,,,,,,,,,,,,,,,,,,,,,,,,,,,,,,,,,,,,,,,,,,,,,,,,,Kora,
,,,,,,,,,,,23:30,,,,,,,,,,,,,,,,,,,,,,,,,,,,,,,,,,,,,,,,,,,,,,,,,Joey Gutierrez,
,,,,,,,,,,,22:45,,,,,,,,,,,,,,,,,,,,,,,,,,,,,,,,,,,,,,,,,,,,,,,,,Werner von Strucker,
,,,,,,,,,,,22:30,,,,,,,,,,,,,,,,,,,,,,,,,,,,,,,,,,,,,,,,,,,,,,,,,Robin Hinton,
,,,,,,,,,,,22:30,,,,,,,,,,,,,,,,,,,,,,,,,,,,,,,,,,,,,,,,,,,,,,,,,Dr. Marcus Benson,
,,,,,,,,,,,22:30,,,,,,,,,,,,,,,,,,,,,,,,,,,,,,,,,,,,,,,,,,,,,,,,,J.T. James,Hellfire
,,,,,,,,,,,22:15,,,,,,,,,,,,,,,,,,,,,,,,,,,,,,,,,,,,,,,,,,,,,,,,,Jaco,
,,,,,,,,,,,20:45,,,,,,,,,,,,,,,,,,,,,,,,,,,,,,,,,,,,,,,,,,,,,,,,,Sinara,
,,,,,,,,,,,20:45,,,,,,,,,,,,,,,,,,,,,,,,,,,,,,,,,,,,,,,,,,,,,,,,,Eli Morrow,
,,,,,,,,,,,20:15,,,,,,,,,,,,,,,,,,,,,,,,,,,,,,,,,,,,,,,,,,,,,,,,,Ian Quinn,
,,,,,,,,,,,20:00,,,,,,,,,,,,,,,,,,,,,,,,,,,,,,,,,,2:00,,2:30,,,,,,,,1:15,,,,,Lady Sif,
,,,,,,,,,,,19:00,,,,,,,,,,,,,,,,,,,,,,,,,,,,,,,,,,,,,,,,,,,,,,,,,Wilfred Malick,
,,,,,,,,,,,19:00,,,,,,,,,,,,,,,,,,,,,,,,,,,,,,,,,,,,,,,,,,,,,,,,,Will Daniels,
,,,,,,,,,,,17:00,,,,,,,,,,,,,,,,,,,,,,,,,,,,,,,,,,,,,,,,,,,,,,,,,Snowflake,
,,,,,,,,,,,16:45,,,,,,,,,,,,,,,,,,,,,,,,,,,,,,,,,,,,,,,,,,,,,,,,,Professor Elliot Randolph,
,,,,,,,,,,,16:15,,,,,,,,,,,,,,,,,,,,,,,,,,,,,,,,,,,,,,,,,,,,,,,,,Agent Victoria Hand,
,,,,,,,,,,,16:00,,,,,,,,,,,,,,,,,,,,,,,,,,,,,,,,,,,,,,,,,,,,,,,,,Gabe Reyes,
,,,,,,,,,,,15:30,,,,,,,,,,,,,,,,,,,,,,,,,,,,,,,,,,,,,,,,,,,,,,,,,Senator Ellen Nadeer,
,,,,,,,,,,,15:15,,,,,,,,,,,,,,,,,,,,,,,,,,,,,,,,,,,,,,,,,,,,,,,,,Giyera,
,,,,,,,,,,,14:30,,,,,,,,,,,,,,,,,,,,,,,,,,,,,,,,,,,,,,,,,,,,,,,,,Agent Keller,
,,,,,,,,,,,14:00,,,,,,,,,,,,,,,,,,,,,,,,,,,,,,,,,,,,,,,,,,,,,,,,,Donnie Gill,Blizzard
,,,,,,,,,,,13:30,,,,,,,,,,,,,,,,,,,,,,,,,,,,,,,,,,,,,,,,,,,,,,,,,Pax,
,,,,,,,,,,,13:15,,,,,,,,,,,,,,,,,,,,,,,,,,,,,,,,,,,,,,,,,,,,,,,,,Dr. Lucy Bauer,
,,,,,,,,,,,13:00,,,,,,,,,,,,,,,,,,,,,,,,,,,,,,,,,,,,,,,,,,,,,,,,,Agent Billy Koenig,
,,,,,,,,,,,12:15,,,,,,,,,,,,,,,,,,,,,,,,,,,,,,,,,,,,,,,,,,,,,,,,,Lorelei,
,,,,,,,,,,,12:00,,,,,,,,,,,,,,,,,,,,,,,,,,,,,,,,,,,,,,,,,,,,,,,,,Agent Anne Weaver,
,,,,,,,,,,,12:00,,,,,,,,,,,,,,,,,,,,,,,,,,,,,,,,,,,,,,,,,,,,,,,,,Qovas,
,,,,,,,,,,,11:45,,,,,,,,,,,,,,,,,,,,,,,,,,,,,,,,,,,,,,,,,,,,,,,,,Alistair Fitz,
,,,,,,,,,,,11:45,,,,,,,,,,,,,,,,,,,,,,,,,,,,,,,,,,,,,,,,,,,,,,,,,LMD Leo Fitz,
,,,,,,,,,,,11:45,,,,,,,,,,,,,,,,,,,,,,,,,,,,,,,,,,,,,,,,,,,,,,,,,"""Detective Luke"" Chronocom",
,,,,,,,,,,,11:30,,,,,,,,,,,,,,,,,,,,,,,,,,,,,,,,,,,,,,,,,,,,,,,,,Tucker Shockley,
,,,,,,,,,,,11:15,,,,,,,,,,,,,,,,,,,,,,,,,,,,,,,,,,,,,,,,,,,,,,,,,Polly Hinton,
,,,,,,,,,,,11:00,,,,,,,,,,,,,,,,,,,,,,,,,,,,,,,,,,,,,,,,,,,,,,,,,Sibyl,
,,,,,,,,,,,11:00,,,,,,,,,,,,,,,,,,,,,,,,,,,,,,,,,,,,,,,,,,,,,,,,,Vijay Nadeer,
,,,,,,,,,,,10:45,,,,,,,,,,,,,,,,,,,,,,,,,,,,,,,,,,,,,,,,,,,,,,,,,Hope Mackenzie,
,,,,,,,,,,,10:45,,,,,,,,,,,,,,,,,,,,,,,,,,,,,,,,,,,,,,,,,,,,,,,,,Akela Amador,
,,,,,,,,,,,10:15,,,,,,,,,,,,,,,,,,,,,,,,,,,,,,,,,,,,,,,,,,,,,,,,,Agnes Kitsworth,
,,,,,,,,,,,10:15,,,,,,,,,,,,,,,,,,,,,,,,,,,,,,,,,,,,,,,,,,,,,,,,,LMD Holden Radcliffe,
,,,,,,,,,,,10:00,,,,,,,,,,,,,,,,,,,,,,,,,,,,,,,,,,,,,,,,,,,,,,,,,Altarah,
,,,,,,,,,,,10:00,,,,,,,,,,,,,,,,,,,,,,,,,,,,,,,,,,,,,,,,,,,,,,,,,Chan Ho Yin,Scorch
,,,,,,,,,,,9:45,,,,,,,,,,,,,,,,,,,,,,,,,,,,,,,,,,,,,,,,,,,,,,,,,Agent Sam Koenig,
,,,,,,,,,,,9:30,,,,,,,,,,,,,,,,,,,,,,,,,,,,,,,,,,,,,,,,,,,,,,,,,Senator Christian Ward,
,,,,,,,,,,,9:30,,,,,,,,,,,,,,,,,,,,,,,,,,,,,,,,,,,,,,,,,,,,,,,,,Grill,
,,,,,,,,,,,9:30,,,,,,,,,,,,,,,,,,,,,,,,,,,,,,,,,,,,,,,,,,,,,,,,,Ruben Mackenzie,
,,,,,,,,,,,9:15,,,,,,,,,,,,,,,,,,,,,,,,,,,,,,,,,,,,,,,,,,,,,,,,,Agent Eric Koenig,
,,,,,,,,,,,9:15,,,,,,,,,,,,,,,,,,,,,,,,,,,,,,,,,,,,,,,,,,,,,,,,,Hannah Hutchins,
,,,,,,,,,,,9:00,,,,,,,,,,,,,,,,,,,,,,,,,,,,,,,,,,,,,,,,,,,,,,,,,Ernest Koenig,
,,,,,,,,,,,9:00,,,,,,,,,,,,,,,,,,,,,,,,,,,,,,,,,,,,,,,,,,,,,,,,,Luther Banks,
,,,,,,,,,,,8:15,,,,,,,,,,,,,,,,,,,,,,,,,,,,,,,,,,,,,,,,,,,,,,,,,"Agent Isabelle ""Izzy"" Hartley",
,,,,,,,,,,,8:15,,,,,,,,,,,,,,,,,,,,,,,,,,,,,,,,,,,,,,,,,,,,,,,,,Faulnak,
,,,,,,,,,,,8:00,,,,,,,,,,,,,,,,,,,,,,,,,,,,,,,,,,,,,,,,,,,,,,,,,Alisha Whitley,
,,,,,,,,,,,7:45,,,,,,,,,,,,,,,,,,,,,,,,,,,,,,,,,,,,,,,,,,,,,,,,,Kebo,
,,,,,,,,,,,7:45,,,,,,,,,,,,,,,,,,,,,,,,,,,,,,,,,,,,,,,,,,,,,,,,,Edison Po,
,,,,,,,,,,,7:45,,,,,,,,,,,,,,,,,,,,,,,,,,,,,,,,,,,,,,,,,,,,,,,,,Miles Lydon,
,,,,,,,,,,,7:30,,,,,,,,,,,,,,,,,,,,,,,,,,,,,,,,,,,,,,,,,,,,,,,,,Lt. Evans,
,,,,,,,,,,,7:30,,,,,,,,,,,,,,,,,,,,,,,,,,,,,,,,,,,,,,,,,,,,,,,,,LMD Phil Coulson,
,,,,,,,,,,,7:15,,,,,,,,,,,,,,,,,,,,,,,,,,,,,,,,,,,,,,,,,,,,,,,,,Stephanie Malick,
,,,,,,,,,,,7:15,,,,,,,,,,,,,,,,,,,,,,,,,,,,,,,,,,,,,,,,,,,,,,,,,Samuel Voss,
,,,,,,,,,,,7:15,,,,,,,,,,,,,,,,,,,,,,,,,,,,,,,,,,,,,,,,,,,,,,,,,Camilla Reyes,
,,,,,,,,,,,7:15,,,,,,,,,,,,,,,,,,,,,,,,,,,,,,,,,,,,,,,,,,,,,,,,,Vin-Tak,
,,,,,,,,,,,7:00,,,,,,,,,,,,,,,,,,,,,,,,,,,,,,,,,,,,,,1:00,,,,,,,,,,,Ben,
,,,,,,,,,,,6:30,,,,,,,,,,,,,,,,,,,,,,,,,,,,,,,,,,,,,,,,,,,,,,,,,Malachi,
,,,,,,,,,,,6:30,,,,,,,,,,,,,,,,,,,,,,,,,,,,,,,,,,,,,,,,,,,,,,,,,Dr. Joseph Bauer,
,,,,,,,,,,,6:15,,,,,,,,,,,,,,,,,,,,,,,,,,,,,,,,,,,,,,,,,,,,,,,,,Li,
,,,,,,,,,,,6:00,,,,,,,,,,,,,,,,,,,,,,,,,,,,,,,,,,,,,,,,,,,,,,,,,Dr. Franklin Hall,
,,,,,,,,,,,5:45,,,,,,,,,,,,,,,,,,,,,,,,,,,,,,,,,,,,,,,,,,,,,,,,,Taryan,
,,,,,,,,,,,5:45,,,,,,,,,,,,,,,,,,,,,,,,,,,,,,,,,,,,,,,,,,,,,,,,,Sequoia,
,,,,,,,,,,,5:30,,,,,,,,,,,,,,,,,,,,,,,,,,,,,,,,,,,,,,,,,,,,,,,,,Tony Caine,
,,,,,,,,,,,5:15,,,,,,,,,,,,,,,,,,,,,,,,,,,,,,,,,,,,,,,,,,,,,,,,,Agent Trevor Khan,
,,,,,,,,,,,5:00,,,,,,,,,,,,,,,,,,,,,,,,,,,,,,,,,,,,,,,,,,,,,,,,,Agent Burrows,
,,,,,,,,,,,5:00,,,,,,,,,,,,,,,,,,,,,,,,,,,,,,,,,,,,,,,,,,,,,,,,,Boyle,
,,,,,,,,,,,4:45,,,1:15,,,,:30,,,,,,,,,,,,,,,,,,,,,,,,,,,,,,,,,,,,,,,,,,Dr. List,
,,,,,,,,,,,4:45,,,,,,,,,,,,,,,,,,,,,,,,,,,,,,,,,,,,,,,,,,,,,,,,,Toad,
,,,,,,,,,,,4:45,,,,,,,,,,,,,,,,,,,,,,,,,,,,,,,,,,,,,,,,,,,,,,,,,LMD Jeffrey Mace,
,,,,,,,,,,,4:30,,,,,,,,,,,,,,,,,,,,,,,,,,,,,,,,,,,,,,,,,,,,,,,,,Audrey Nathan,
,,,,,,,,,,,4:30,,,,,,,,,,,,,,,,,,,,,,,,,,,,,,,,,,,,,,,,,,,,,,,,,Karla Faye Gideon,
,,,,,,,,,,,4:00,,,,,,,,,,,,,,,,,,,,,,,,,,,,,,,,,,,,,,,,,,,,,,,,,Agent Prince,
,,,,,,,,,,,4:00,,,,,,,,,,,,,,,,,,,,,,,,,,,,,,,,,,,,,,,,,,,,,,,,,Thomas Ward,
,,,,,,,,,,,4:00,,,,,,,,,,,,,,,,,,,,,,,,,,,,,,,,,,,,,,,,,,,,,,,,,Agent Diaz,
,,,,,,,,,,,3:45,,,,,,,,,,,,,,,,,,,,,,,,,,,,,,,,,,,,,,,,,,,,,,,,,Charles Hinton,
,,,,,,,,,,,3:45,,,,,,,,,,,,,,,,,,,,,,,,,,,,,,,,,,,,,,,,,,,,,,,,,Noah,
,,,,,,,,,,,3:45,,,,,,,,,,,,,,,,,,,,,,,,,,,,,,,,,,,,,,,,,,,,,,,,,Agent Oliver,
,,,,,,,,,,,3:30,,,,,,,,,,,,,,,,,,,,,,,,,,,,,,,,,,,,,,,,,,,,,,,,,Marcus Daniels,Blackout
,,,,,,,,,,,3:30,,,,,,,,,,,,,,,,,,,,,,,,,,,,,,,,,,,,,,,,,,,,,,,,,Anton Petrov,
,,,,,,,,,,,3:15,,,,,,,,,,,,,,,,,,,,,,,,,,,,,,,,,,,,,,,,,,,,,,,,,George Talbot,
,,,,,,,,,,,3:15,,,,,,,,,,,,,,,,,,,,,,,,,,,,,,,,,,,,,,,,,,,,,,,,,Kenneth Turgeon,
,,,,,,,,,,,3:15,,,,,,,,,,,,,,,,,,,,,,,,,,,,,,,,,,,,,,,,,,,,,,,,,Agent O'Brien,
,,,,,,,,,,,3:15,,,,,,,,,,,,,,,,,,,,,,,,,,,,,,,,,,,,,,,,,,,,,,,,,Lucio,
,,,,,,,,,,,3:00,,,,,,,,,,,,,,,,,,,,,,,,,,,,,,,,,,,,,,,,,,,,,,,,,Carla Talbot,
,,,,,,,,,,,3:00,,,,,,,,,,,,,,,,,,,,,,,,,,,,,,,,,,,,,,,,,,,,,,,,,Ava,
,,,,,,,,,,,3:00,,,,,,,,,,,,,,,,,,,,,,,,,,,,,,,,,,,,,,,,,,,,,,,,,Debbie,
,,,,,,,,,,,3:00,,,,,,,,,,,,,,,,,,,,,,,,,,,,,,,,,,,,,,,,,,,,,,,,,LMD Alphonso Mackenzie,
,,,,,,,,,,,2:45,,,,,,,,,,,,,,,,,,,,,,,,,,,,,,,,,,,,,,,,,,,,,,,,,Candice Lee,
,,,,,,,,,,,2:45,,,,,,,,,,,,,,,,,,,,,,,,,,,,,,,,,,,,,,,,,,,,,,,,,Kitson,
,,,,,,,,,,,2:45,,,,,,,,,,,,,,,,,,,,,,,,,,,,,,,,,,,,,,,,,,,,,,,,,Agent Calderon,
,,,,,,,,,,,2:45,,,,,,,,,,,,,,,,,,,,,,,,,,,,,,,,,,,,,,,,,,,,,,,,,Thomas Nash,
,,,,,,,,,,,2:30,,,,,,,,,,,,,,,,,,,,,,,,,,,,,,,,,,,,,,,,,,,,,,,,,Katya Belyakov,
,,,,,,,,,,,2:30,,,,,,,,,,,,,,,,,,,,,,,,,,,,,,,,,,,,,,,,,,,,,,,,,Ace Peterson,
,,,,,,,,,,,2:30,,,,,,,,,,,,,,,,,,,,,,,,,,,,,,,,,,,,,,,,,,,,,,,,,Dr. Streiten,
,,,,,,,,,,,2:00,,,,,,,,,,,,,,,,,,,,,,,,,,,,,,,,,,,,,,,,,,,,,,,,,Agent Anderson,
,,,,,,,,,,,1:45,,,,,,,,,,,,,,,,,,,,,,,,,,,,,,,,,,,,,,,,,,,,,,,,,Thurston Koenig,
,,,,,,,,,,,1:30,,,,,,,,,,,,,,,,,,,,,,,,,,,,,,,:15,,,,,,,,,,,,,,,,,,Wolfgang von Strucker,
,,,,,,,,,,,1:15,,,,,,,,,,,,,,,,,,,,,,,,,,,,,,,,,,,,,,,,,,,,,,,,,General Rick Stoner,
,,,,,,,,,,,1:15,,,,,,,,,,,,,,,,,,,,,,,,,,,,,,,,,,,,,,,,,,,,,,,,,LMD Jemma Simmons,
,,,,,,,,,,,1:00,,,,,,,,,,,,,,,,,,,,,,,,,,,,,,,,,,,,,,,,,,,,,,,,,Alya Fitzsimmons,
,,,,,,,,,,,1:00,,,,,,,,,,,,,,,,,,,,,,,,,,,,,,,,,,,,,,,,,,,,,,,,,LMDs Daisy Johnson,
,,,,,,,,,,,:30,,,,,,,,,,,,,,,,,,,,,,,,,,,,,,,,,,,,,,,,,,,,,,,,,Baal-Gad,
,,,,,,,,,,,,8:45,,,,,,,,,,,,,,,,,,,,,,,,,,,,,,,,,,,,,,,,,,,,,,,,Malekith,
,,,,,,,,,,,,6:15,,,,,,,,,,,,,,,,,,,,,,,,,,,,,,,,,x:00,,,,,,,,,,,,,,,Algrim,
,,,,,,,,,,,,6:00,,,,,,,,,,,,,,,,,,,,,,,,,,,,,,,,,,,,,,,,,,,,,,,,Ian Boothby,
,,,,,,,,,,,,2:45,,,,,,,,,,,,,,,,,,,,,,,,,,,,,,,,,,,,,,,,,,,,,,,,Richard,
,,,,,,,,,,,,1:15,,,2:30,,,,,,,,,,,,,,,,,,,,,,,,,,,,,,,,,,,,,,,,,,,,,The Collector,
,,,,,,,,,,,,1:00,,,1:30,,,,,,,,,,,,,,,,,,,,,,,,,,,,,,,,1:00,,,,,,,,,,,,,Carina,
,,,,,,,,,,,,,5:15,,,,,,,,,,,,,,,,,,,,,,,,,,,,,,,,,,,,,,,,,,,,,,,Jackson Norriss,
,,,,,,,,,,,,,,14:15,,,,:45,,2:45,,10:15,,,,,,,,,,,,,2:45,,,,4:30,,,5:45,,99:45,,,:30,,,,,,,,,,,,,Sam Wilson,Falcon
,,,,,,,,,,,,,,13:15,,,,,,:15,,22:00,,,,,,,,,,,,:45,2:00,,,,2:15,,,7:00,,74:00,,,7:15,,,,,,,,,,,,,"James ""Bucky"" Barnes",Winter Soldier
,,,,,,,,,,,,,,12:45,,,,,,,,,,,,,,,,,,,,,,,,,:45,,,1:00,,,,,,,,,,,,,,,,,,Alexander Pierce,
,,,,,,,,,,,,,,6:15,,,,,:15,,,2:15,,,,,,,,,,,,,,,,,,,,1:00,,,,,1:30,,,,,,,,,,,,,Brock Rumlow,
,,,,,,,,,,,,,,2:30,,,,,,,,,,,,,,,,,,,,,,,,,,,,,,,,,,,,,,,,,,,,,,Agent Sharon Carter,
,,,,,,,,,,,,,,2:15,,,,:15,,:45,,,,,,,,,,,,,,,,,,,1:00,,,,,,,,,,,,,,,,,,,,,Peggy Carter,
,,,,,,,,,,,,,,2:00,,,,,,,,,,,,,,,,,,,,,,,,,,,,,,,,,,,,,,,,,,,,,,Jack Rollins,
,,,,,,,,,,,,,,1:45,,,,,,,,,,,,,,,,,,,,,,,,,,,,,,4:45,,,:30,,,,,,,,,,,,,Georges Batroc,
,,,,,,,,,,,,,,1:15,,,,1:30,,,,,,,,,,,,,,,,,,,,,,,,,,,,,,,,,,,,,,,,,,Baron Wolfgang von Strucker,
,,,,,,,,,,,,,,1:00,,,,,,,,,,,,,,,,,,,,,,,,,,,,,,,,,,,,,,,,,,,,,,Councilman Singh,
,,,,,,,,,,,,,,1:00,,,,,,,,,,,,,,,,,,,,,,,,,,,,,,,,,,,,,,,,,,,,,,Councilman Rockwell,
,,,,,,,,,,,,,,1:00,,,,,,,,,,,,,,,,,,,,,,,,,,,,,,,,,,,,,,,,,,,,,,Councilman Yen,
,,,,,,,,,,,,,,1:00,,,,:30,,,,,,,,,,,,,,,,,,,,,,,,:15,,,,,,,,,,,,,,,,,,Cameron Klein,
,,,,,,,,,,,,,,:15,,,,12:00,x:00,,,10:45,,,,,,,,,,,,,9:00,,,,2:15,,,11:30,126:45,,,,1:45,,,,,,29:00,,,,,,,Wanda Maximoff,
,,,,,,,,,,,,,,:15,,,,10:00,,,,,,,,,,,,,,,,,,,,,,,,1:45,1:45,,,,,,,,,,,,,,,,,Pietro Maximoff,
,,,,,,,,,,,,,,,46:45,,,,,,,,,,,,35:45,,,,,,,,10:15,,,,3:00,,,3:00,,,,,:30,,,,,,,,3:15,,,,10:30,Peter Quill,Star-Lord
,,,,,,,,,,,,,,,31:00,,,,,,,,,,,,24:00,,,,,,,,20:00,,,,4:45,,,:45,,,,,3:45,,,,,,,,,,,,,Gamora,
,,,,,,,,,,,,,,,19:30,,,,,,,,,,,,19:45,,,,,,,,6:15,,,,8:15,,,1:15,,,,,x:00,,,,,,,,:45,,,,1:30,Rocket,
,,,,,,,,,,,,,,,18:00,,,,,,,,,,,,16:30,,,,,,,,5:45,,,,1:00,,,:45,,,,,:45,,,,,,,,1:00,,,,12:15,Drax,
,,,,,,,,,,,,,,,14:45,,,,,,,,,,,,,,,,,,,,,,,,,,,:30,,,,,,,,,,,,,,,,,,Groot,
,,,,,,,,,,,,,,,7:45,,,,,,,,,,,,,,,,,,,,,,,1:30,,,,,,,,,,,,,,,,,,,,,,Ronan,
,,,,,,,,,,,,,,,6:00,,,,,,,,,,,,16:15,,,,,,,,,,,,,,,3:30,,,,,6:00,,,,,,,,,,,,1:45,Yondu Udonta,
,,,,,,,,,,,,,,,4:30,,,,,,,,,,,,10:30,,,,,,,,3:15,,,,16:00,,,:15,,,,,3:30,,,,,,,,1:15,,,,2:15,Nebula,
,,,,,,,,,,,,,,,3:00,,,,,,,,,,,,,,,,,,,,,,,,,,,,,,,,,,,,,,,,,,,,,Rhomann Dey,
,,,,,,,,,,,,,,,2:30,,,,,,,,,,,,,,,,,,,,,,,,,,,,,,,,,,,,,,,,,,,,,Nova Prime Irani Rael,
,,,,,,,,,,,,,,,2:15,,,,,,,,,,,,,,,,,,,,,,,3:15,,,,,,,,,4:30,,,,,,,,,,,,,Korath,
,,,,,,,,,,,,,,,1:45,,,,,,,,,,,,4:45,,,,,,,,,,,,,,,2:00,,,,,1:45,,,,,,,,:15,,,,4:15,Kraglin Obfonteri,
,,,,,,,,,,,,,,,1:30,,,,,,,,,,,,1:30,,,,,,,,,,,,,,,,,,,,,,,,,,,,,,,,,Meredith Quill,
,,,,,,,,,,,,,,,:45,,,,,,,,,,,,14:00,,,,,,,,4:00,,,,1:00,,,,,,,,,,,,,,,,1:15,,,,2:30,Groot II,
,,,,,,,,,,,,,,,:45,,,,,,,,,,,,,,,,,,,,,,,,,,,,,,,,,,,,,,,,,,,,,Denaarian Saal,
,,,,,,,,,,,,,,,,135:30,,,,,,,,,,,,,,,,,,,,,,,:15,,,,,,,,,,,,,,,,,,,,,Edwin Jarvis,
,,,,,,,,,,,,,,,,127:30,,,,,,,,,,,,,,,,,,,,,,,,,,,,,,,,,,,,,,,,,,,,Agent Daniel Sousa,
,,,,,,,,,,,,,,,,106:15,,,,,,,,,,,,,,,,,,,,,,,,,,,,,,,,,,,,,,,,,,,,Agent Jack Thompson,
,,,,,,,,,,,,,,,,67:45,,,,,,,,,,,,,,,,,,,,,,,,,,,,,,,,,,,,,,,,,,,,Whitney Frost,Madame Masque
,,,,,,,,,,,,,,,,61:45,,,,,,,,,,,,,,,,,,,,,,,,,,,,,,,,,,,,,,,,,,,,Dr. Jason Wilkes,
,,,,,,,,,,,,,,,,52:00,,,,,,,,,,,,,,,,,,,,,,,,,,,,,,,,,,,,,,,,,,,,Agent Roger Dooley,
,,,,,,,,,,,,,,,,46:00,,,,,,,,,,,,,,,,,,,,,,,,,,,,,,,,,,,,,,,,,,,,"""Dottie Underwood""",
,,,,,,,,,,,,,,,,30:45,,,,,,,,,,,,,,,,,,,,,,,,,,,,,,,,,,,,,,,,,,,,Dr. Johann Fenhoff,"""Victor Ivchenko"""
,,,,,,,,,,,,,,,,26:30,,,,,,,,,,,,,,,,,,,,,,,,,,,,,,,,,,,,,,,,,,,,Vernon Masters,
,,,,,,,,,,,,,,,,20:15,,,,,,,,,,,,,,,,,,,,,,,,,,,,,,,,,,,,,,,,,,,,Calvin Chadwick,
,,,,,,,,,,,,,,,,19:45,,,,,,,,,,,,,,,,,,,,,,,,,,,,,,,,,,,,,,,,,,,,Joseph Manfredi,
,,,,,,,,,,,,,,,,19:15,,,,,,,,,,,,,,,,,,,,,,,,,,,,,,,,,,,,,,,,,,,,Ana Jarvis,
,,,,,,,,,,,,,,,,18:00,,,,,,,,,,,,,,,,,,,,,,,,,,,,,,,,,,,,,,,,,,,,Angie Martinelli,
,,,,,,,,,,,,,,,,16:00,,,,,,,,,,,,,,,,,,,,,,,,,,,,,,,,,,,,,,,,,,,,Dr. Aloysius Samberly,
,,,,,,,,,,,,,,,,11:45,,,,,,,,,,,,,,,,,,,,,,,,,,,,,,,,,,,,,,,,,,,,Rose Roberts,
,,,,,,,,,,,,,,,,8:45,,,,,,,,,,,,,,,,,,,,,,,,,,,,,,,,,,,,,,,,,,,,Hugh Jones,
,,,,,,,,,,,,,,,,7:30,,,,,,,,,,,,,,,,,,,,,,,,,,,,,,,,,,,,,,,,,,,,Miriam Fry,
,,,,,,,,,,,,,,,,7:30,,,,,,,,,,,,,,,,,,,,,,,,,,,,,,,,,,,,,,,,,,,,Violet,
,,,,,,,,,,,,,,,,6:45,,,,,,,,,,,,,,,,,,,,,,,,,,,,,,,,,,,,,,,,,,,,Rufus Hunt,
,,,,,,,,,,,,,,,,6:15,,,,,,,,,,,,,,,,,,,,,,,,,,,,,,,,,,,,,,,,,,,,Agent Ray Krzeminski,
,,,,,,,,,,,,,,,,4:30,,,,,,,,,,,,,,,,,,,,,,,,,,,,,,,,,,,,,,,,,,,,Leet Brannis,
,,,,,,,,,,,,,,,,3:30,,,,,,,,,,,,,,,,,,,,,,,,,,,,,,,,,,,,,,,,,,,,Miles Van Ert,
,,,,,,,,,,,,,,,,3:00,,,,,,,,,,,,,,,,,,,,,,,,,,,,,,,,,,,,,,,,,,,,Michael Carter,
,,,,,,,,,,,,,,,,,720:30,,,,,,,,,,,,80:30,,,,,,,,,,,,,,,,,,,,,,1:00,,,,,11:00,,,,Matt Murdock,Daredevil
,,,,,,,,,,,,,,,,,422:15,,,,,,,,,,,,12:15,,,46:30,,,,,,,,,,,,,,,,,,,,,,,,,,,,Karen Page,
,,,,,,,,,,,,,,,,,278:45,,,,1:00,,6:30,,,,,,12:00,,,,,,,,,,,,,,,,,,,,,,,,,,,,,,,"Franklin ""Foggy"" Nelson",
,,,,,,,,,,,,,,,,,230:45,,,,,,,,,,,,,,,,,,,,,,,,,,,,,,,,,7:15,,,,,,,,,,Wilson Fisk,Kingpin
,,,,,,,,,,,,,,,,,107:00,,,,,,,,,,,,,,,,,,,,,,,,,,,,,,,,,,,,,,,,,,,"Agent Rahul ""Ray"" Nadeem",
,,,,,,,,,,,,,,,,,105:00,,,,,,,,,,,,52:15,,,,,,,,,,,,,,,,,,,,,,,,,,,,,,,Elektra Natchios,
,,,,,,,,,,,,,,,,,99:45,,,,,,,,,,,,,,,440:15,,,,,,,,,,,,,,,,,,,,,,,,,,,,Frank Castle,The Punisher
,,,,,,,,,,,,,,,,,94:45,,,,,,,,,,,,,,,,,,,,,,,,,,,,,,,,,,,,,,,,,,,"Agent Ben ""Dex"" Poindexter",
,,,,,,,,,,,,,,,,,60:30,,,,,,,,,,,,,,,,,,,,,,,,,,,,,,,,,,,,,,,,,,,Ben Urich,
,,,,,,,,,,,,,,,,,57:45,,,,14:30,,106:30,,,54:45,,,21:00,,,,,,,,,,,,,,,,,,,,,,,,,,,,,,,Claire Temple,
,,,,,,,,,,,,,,,,,55:00,,,,,,,,,,,,,,,,,,,,,,,,,,,,,,,,,,,,,,,,,,,Vanessa Fisk,
,,,,,,,,,,,,,,,,,53:00,,,,,,,,,,,,28:45,,,,,,,,,,,,,,,,,,,,,,,,,,,,,,,Stick,
,,,,,,,,,,,,,,,,,46:15,,,,,,,,,,,,,,,,,,,,,,,,,,,,,,,,,,,,,,,,,,,James Wesley,
,,,,,,,,,,,,,,,,,44:30,,,,,,,,,,,,,,,,,,,,,,,,,,,,,,,,,,,,,,,,,,,Sister Maggie,
,,,,,,,,,,,,,,,,,35:15,,,,,,,,,,,,,,,3:00,,,,,,,,,,,,,,,,,,,,,,,,,,,,Mitchell Ellison,
,,,,,,,,,,,,,,,,,33:30,,,,,,4:00,,,,,,,,,,,,,,,,,,,,,,,,,,,,,,,,,,,,,Blake Tower,
,,,,,,,,,,,,,,,,,33:00,,,,,,,,,,,,1:45,,,,,,,,,,,,,,,,,,,,,,,,,,,,,,,Father Lantom,
,,,,,,,,,,,,,,,,,32:00,,,,,,,,,,,,,,,33:00,,,,,,,,,,,,,,,,,,,,,,,,,,,,Det. Brett Mahoney,
,,,,,,,,,,,,,,,,,25:00,,,,,,,,,,,,,,,,,,,,,,,,,,,,,,,,,,,,,,,,,,,Leland Owlsley,
,,,,,,,,,,,,,,,,,23:00,,,,,,,,,,,,,,,,,,,,,,,,,,,,,,,,,,,,,,,,,,,Vladimir Ranskahov,
,,,,,,,,,,,,,,,,,20:45,,,,,,,,,,,,,,,,,,,,,,,,,,,,,,,,,,,,,,,,,,,Nobu Yoshioka,
,,,,,,,,,,,,,,,,,20:30,,,,,,,,,,,,x:00,,,,,,,,,,,,,,,,,,,,,,,,,,,,,,,Marci Stahl,
,,,,,,,,,,,,,,,,,19:30,,,,,,,,,,,,,,,,,,,,,,,,,,,,,,,,,,,,,,,,,,,Samantha Reyes,
,,,,,,,,,,,,,,,,,18:45,,,,,,,,,,,,,,,,,,,,,,,,,,,,,,,,,,,,,,,,,,,Jack Murdock,
,,,,,,,,,,,,,,,,,16:15,,,,,,,,,,,,,,,,,,,,,,,,,,,,,,,,,,,,,,,,,,,SAC Tammy Hattley,
,,,,,,,,,,,,,,,,,16:00,,,,,,,,,,,,,,,,,,,,,,,,,,,,,,,,,,,,,,,,,,,Melvin Potter,
,,,,,,,,,,,,,,,,,16:00,,,,,,,,,24:15,,,15:15,,,,,,,,,,,,,,,,,,,,,,,,,,,,,,,Madame Gao,
,,,,,,,,,,,,,,,,,14:15,,,,,,,,,,,,,,,,,,,,,,,,,,,,,,,,,,,,,,,,,,,"Elliot ""Grotto"" Grote",
,,,,,,,,,,,,,,,,,13:00,,,,,,11:45,,,,,,,,,,,,,,,,,,,,,,,,,,,,,,,,,,,,,Benjamin Donovan,
,,,,,,,,,,,,,,,,,12:15,,,,,,,,,,,,,,,,,,,,,,,,,,,,,,,,,,,,,,,,,,,Seema Nadeem,
,,,,,,,,,,,,,,,,,12:00,,,,1:15,,9:00,,,2:00,,,1:30,,,5:15,,,,,,,,,,,,,,,,,,,,,,,,,,,,Turk Barrett,
,,,,,,,,,,,,,,,,,11:15,,,,,,,,,,,,,,,,,,,,,,,,,,,,,,,,,,,,,,,,,,,Anatoly Ranskahov,
,,,,,,,,,,,,,,,,,11:00,,,,,,,,,,,,,,,,,,,,,,,,,,,,,,,,,,,,,,,,,,,Det. Carl Hoffman,
,,,,,,,,,,,,,,,,,10:15,,,,,,,,,,,,,,,,,,,,,,,,,,,,,,,,,,,,,,,,,,,John Healy,
,,,,,,,,,,,,,,,,,9:00,,,,,,,,,,,,,,,,,,,,,,,,,,,,,,,,,,,,,,,,,,,Col. Ray Schoonover,
,,,,,,,,,,,,,,,,,9:00,,,,,,,,,,,,,,,,,,,,,,,,,,,,,,,,,,,,,,,,,,,Elena Cardenas,
,,,,,,,,,,,,,,,,,8:00,,,,,,,,,,,,,,,,,,,,,,,,,,,,,,,,,,,,,,,,,,,Doris Urich,
,,,,,,,,,,,,,,,,,8:00,,,,,,,,,,,,,,,,,,,,,,,,,,,,,,,,,,,,,,,,,,,Julie Barnes,
,,,,,,,,,,,,,,,,,7:45,,,,,,,,,,,,,,,,,,,,,,,,,,,,,,,,,,,,,,,,,,,Det. Christian Blake,
,,,,,,,,,,,,,,,,,7:30,,,,,,,,,,,,,,,,,,,,,,,,,,,,,,,,,,,,,,,,,,,Theo Nelson,
,,,,,,,,,,,,,,,,,7:30,,,,,,,,,,,,,,,,,,,,,,,,,,,,,,,,,,,,,,,,,,,Kevin Page,
,,,,,,,,,,,,,,,,,7:15,,,,,,,,,,,,,,,,,,,,,,,,,,,,,,,,,,,,,,,,,,,Marlene Fisk,"""Mrs. Vistain"""
,,,,,,,,,,,,,,,,,7:15,,,,,,,,,,,,,,,,,,,,,,,,,,,,,,,,,,,,,,,,,,,Hirochi,
,,,,,,,,,,,,,,,,,7:00,,,,,,,,,,,,,,,,,,,,,,,,,,,,,,,,,,,,,,,,,,,Felix Manning,
,,,,,,,,,,,,,,,,,6:45,,,,,,,,,,,,,,,,,,,,,,,,,,,,,,,,,,,,,,,,,,,Stan Gibson,
,,,,,,,,,,,,,,,,,6:30,,,,,,,,,,,,,,,,,,,,,,,,,,,,,,,,,,,,,,,,,,,Bill Fisk,
,,,,,,,,,,,,,,,,,6:00,,,,,,,,,,,,,,,,,,,,,,,,,,,,,,,,,,,,,,,,,,,Todd,
,,,,,,,,,,,,,,,,,5:45,,,,,,,,,:30,,,,,,,,,,,,,,,,,,,,,,,,,,,,,,,,,,Shirley Benson,
,,,,,,,,,,,,,,,,,5:30,,,,,,,,,,,,,,,,,,,,,,,,,,,,,,,,,,,,,,,,,,,Dr. Eileen Mercer,
,,,,,,,,,,,,,,,,,5:15,,,,,,,,,,,,,,,,,,,,,,,,,,,,,,,,,,,,,,,,,,,Paxton Page,
,,,,,,,,,,,,,,,,,4:00,,,,,,,,,,,,,,,,,,,,,,,,,,,,,,,,,,,,,,,,,,,Sami Nadeem,
,,,,,,,,,,,,,,,,,4:00,,,,,,,,,,,,,,,,,,,,,,,,,,,,,,,,,,,,,,,,,,,Roscoe Sweeney,
,,,,,,,,,,,,,,,,,3:15,,,,,,,,,,,,,,,,,,,,,,,,,,,,,,,,,,,,,,,,,,,Jasper Evans,
,,,,,,,,,,,,,,,,,3:15,,,,,,,,,,,,,,,,,,,,,,,,,,,,,,,,,,,,,,,,,,,Stewart Finney,
,,,,,,,,,,,,,,,,,3:15,,,,,,,,,,,,,,,,,,,,,,,,,,,,,,,,,,,,,,,,,,,Judge Cynthia Batzer,
,,,,,,,,,,,,,,,,,2:30,,,,,,6:30,,,,,,,,,,,,,,,,,,,,,,,,,,,,,,,,,,,,,Rosalie Carbone,
,,,,,,,,,,,,,,,,,2:30,,,,,,,,,,,,,,,,,,,,,,,,,,,,,,,,,,,,,,,,,,,Anna Nelson,
,,,,,,,,,,,,,,,,,2:15,,,,,,,,,,,,,,,,,,,,,,,,,,,,,,,,,,,,,,,,,,,Edward Nelson,
,,,,,,,,,,,,,,,,,2:15,,,,,,,,,,,,x:00,,,,,,,,,,,,,,,,,,,,,,,,,,,,,,,Josie,
,,,,,,,,,,,,,,,,,2:15,,,,,,,,,,,,,,,,,,,,,,,,,,,,,,,,,,,,,,,,,,,Mrs. Shelby,
,,,,,,,,,,,,,,,,,1:30,,,,,,,,,,,,,,,,,,,,,,,,,,,,,,,,,,,,,,,,,,,Betsy Beatty,
,,,,,,,,,,,,,,,,,1:00,,,,207:00,,,,,13:15,,,,,,,,,,,,,,,,,,,,,,,,,,,,,,,,,,"Jeryn ""Jeri"" Hogarth",
,,,,,,,,,,,,,,,,,:45,,,,,,,,,,,,5:00,,,,,,,,,,,,,,,,,,,,,,,,,,,,,,,Capt. Streiber,
,,,,,,,,,,,,,,,,,,17:00,,,,,,,,,,,,,,,,,,,,,,,,2:00,,,,,15:00,,,,,,:45,,,,,,,Ultron,
,,,,,,,,,,,,,,,,,,6:15,,,,7:15,,,,,,,,,,,,,10:00,,,,,,,6:45,80:00,,,,2:15,,,,,,,,,,,,,Vision,
,,,,,,,,,,,,,,,,,,3:45,,,,,,,,,,,,,,,,,,,,,:45,,,:45,,,,,,,,3:15,,,,,,,,,,Laura Barton,
,,,,,,,,,,,,,,,,,,3:15,,,,,,,,,,,,,,,,,,,,,,,,,,,,,,,,,,,,,,,,,,Dr. Helen Cho,
,,,,,,,,,,,,,,,,,,3:00,,,,,,,,,,,,,,,,,:45,,,,:15,,,:15,,,,,1:45,,,,,,,,,,,,,Maria Hill,
,,,,,,,,,,,,,,,,,,3:00,,,,,,,,,,,,,,,,,1:00,,,,:15,:30,,2:30,,,,,7:45,,,,,,,,,,,,,Nick Fury,
,,,,,,,,,,,,,,,,,,2:45,,,,,,,,,,,,,,,,7:15,,,,,,,,,,,,,1:45,,,,,,,,,,,,,Ulysses Klauë,
,,,,,,,,,,,,,,,,,,,2:30,50:30,,5:30,,,,,,,,,,,,,,,42:30,,13:15,,,:15,,,x:00,,2:00,,,,,,,,,,,,,Scott Lang,
,,,,,,,,,,,,,,,,,,,2:00,14:30,,,,,,,,,,,,,,,,,,,,,,,,,,,,,,,,,,,,,,,,Darren Cross,
,,,,,,,,,,,,,,,,,,,x:00,,,,,,,,,,,,,,,,,,,,,,,,,,,,,,,,,,,,,,,,,Sam Wilcon,Falcon
,,,,,,,,,,,,,,,,,,,x:00,,,2:45,,,,,,,,,,,,,1:00,,,,:15,,,,,,,,,,,,,,,,,,,,,Secretary Thaddeus Ross,
,,,,,,,,,,,,,,,,,,,,24:45,,,,,,,,,,,,,,,,,23:45,,:30,,,,,,,,3:00,,,,,,,,,,,,,Dr. Hank Pym,
,,,,,,,,,,,,,,,,,,,,15:45,,,,,,,,,,,,,,,,,35:00,,1:15,,,,,,,,4:15,,,,,,,,,,,,,Hope van Dyne,
,,,,,,,,,,,,,,,,,,,,7:00,,,,,,,,,,,,,,,,,8:30,,,,,,,,,,,,,,,,,,,,,,,Luis,
,,,,,,,,,,,,,,,,,,,,4:30,,,,,,,,,,,,,,,,,7:00,,1:00,,,,,,,,,,,,,,,,,,,,,Cassie Lang,
,,,,,,,,,,,,,,,,,,,,4:30,,,,,,,,,,,,,,,,,1:30,,,,,,,,,,,,,,,,,,,,,,,Officer Jim Paxton,
,,,,,,,,,,,,,,,,,,,,2:45,,,,,,,,,,10:45,,,,,,,2:15,,,,,,,,,,,,,,,,,,,,,,,Dave,
,,,,,,,,,,,,,,,,,,,,2:45,,,,,,,,,,,,,,,,,2:15,,,,,,,,,,3:15,,,,,,,,,,,,,Kurt,
,,,,,,,,,,,,,,,,,,,,2:15,,,,,,,,,,,,,,,,,1:45,,,,,,,,,,,,,,,,,,,,,,,Maggie Lang,
,,,,,,,,,,,,,,,,,,,,2:15,,,,,,,,,,,,,,,,,,,,,,,,,,,,,,,,,,,,,,,,Mitchell Carson,
,,,,,,,,,,,,,,,,,,,,1:00,,,,,,,,,,,,,,,,,,,,,,,,,,,,,,,,,,,,,,,,Gale,
,,,,,,,,,,,,,,,,,,,,:30,,,,,,,,,,,,,,,,,9:15,,:15,,,,,,,,:15,,,,,,,,,,,,,Janet van Dyne,
,,,,,,,,,,,,,,,,,,,,,986:30,,,,,,,,77:15,,,,,,,,,,,,,,,,,,,,,,,,,,,,,,,Jessica Jones,
,,,,,,,,,,,,,,,,,,,,,417:45,,,,,,,,8:30,,,,,,,,,,,,,,,,,,,,,,,,,,,,,,,"Patricia ""Trish"" Walker",Hellcat
,,,,,,,,,,,,,,,,,,,,,179:00,,,,,,,,5:00,,,,,,,,,,,,,,,,,,,,,,,,,,,,,,,Malcolm Ducasse,
,,,,,,,,,,,,,,,,,,,,,105:45,,,,,,,,,,,,,,,,,,,,,,,,,,,,,,,,,,,,,,,Alisa Jones,
,,,,,,,,,,,,,,,,,,,,,99:30,,,,,,,,,,,,,,,,,,,,,,,,,,,,,,,,,,,,,,,Kevin Thompson,Kilgrave
,,,,,,,,,,,,,,,,,,,,,81:30,,492:30,,,,,,80:45,,,,,,,,,,,,,,,,,,,,,,,,,,,,,,,Luke Cage,
,,,,,,,,,,,,,,,,,,,,,80:45,,,,,,,,,,,,,,,,,,,,,,,,,,,,,,,,,,,,,,,Erik Gelden,
,,,,,,,,,,,,,,,,,,,,,61:15,,,,,,,,,,,,,,,,,,,,,,,,,,,,,,,,,,,,,,,Dorothy Walker,
,,,,,,,,,,,,,,,,,,,,,53:15,,,,,,,,,,,,,,,,,,,,,,,,,,,,,,,,,,,,,,,Officer Will Simpson,
,,,,,,,,,,,,,,,,,,,,,48:30,,,,,,,,,,,,,,,,,,,,,,,,,,,,,,,,,,,,,,,Gregory Sallinger,
,,,,,,,,,,,,,,,,,,,,,31:45,,,,,,,,,,,,,,,,,,,,,,,,,,,,,,,,,,,,,,,Dr. Karl Malus,
,,,,,,,,,,,,,,,,,,,,,31:15,,,,,,,,,,,,,,,,,,,,,,,,,,,,,,,,,,,,,,,Oscar Arocho,
,,,,,,,,,,,,,,,,,,,,,31:00,,,,,,,,,,,,,,,,,,,,,,,,,,,,,,,,,,,,,,,Det. Eddy Costa,
,,,,,,,,,,,,,,,,,,,,,29:00,,,,,,,,,,,,,,,,,,,,,,,,,,,,,,,,,,,,,,,Kith Lyonne,
,,,,,,,,,,,,,,,,,,,,,28:00,,,,,,,,,,,,,,,,,,,,,,,,,,,,,,,,,,,,,,,Inez Green,
,,,,,,,,,,,,,,,,,,,,,20:45,,,,,,,,,,,,,,,,,,,,,,,,,,,,,,,,,,,,,,,Zaya,
,,,,,,,,,,,,,,,,,,,,,18:15,,,,,,,,,,,,,,,,,,,,,,,,,,,,,,,,,,,,,,,Hope Shlottman,
,,,,,,,,,,,,,,,,,,,,,17:15,,,,,,,,,,,,,,,,,,,,,,,,,,,,,,,,,,,,,,,Robyn,
,,,,,,,,,,,,,,,,,,,,,17:00,,,,,,,,,,,,,,,,,,,,,,,,,,,,,,,,,,,,,,,Pryce Cheng,
,,,,,,,,,,,,,,,,,,,,,17:00,,,,,,,,,,,,,,,,,,,,,,,,,,,,,,,,,,,,,,,Albert Thompson,
,,,,,,,,,,,,,,,,,,,,,15:15,,,,,,,,,,,,,,,,,,,,,,,,,,,,,,,,,,,,,,,Griffin Sinclair,
,,,,,,,,,,,,,,,,,,,,,14:45,,,,,,,,,,,,,,,,,,,,,,,,,,,,,,,,,,,,,,,Det. Oscar Clemons,
,,,,,,,,,,,,,,,,,,,,,11:15,,,,,,,,,,,,,,,,,,,,,,,,,,,,,,,,,,,,,,,Wendy Ross-Hogarth,
,,,,,,,,,,,,,,,,,,,,,11:00,,,,,,,,,,,,,,,,,,,,,,,,,,,,,,,,,,,,,,,Pam,
,,,,,,,,,,,,,,,,,,,,,10:30,,,,,,,,,,,,,,,,,,,,,,,,,,,,,,,,,,,,,,,"Brianna ""Berry"" Gelden",
,,,,,,,,,,,,,,,,,,,,,10:15,,,,,,,,,,,,,,,,,,,,,,,,,,,,,,,,,,,,,,,Stirling Adams,
,,,,,,,,,,,,,,,,,,,,,9:45,,,,,,,,,,,,,,,,,,,,,,,,,,,,,,,,,,,,,,,Gillian,
,,,,,,,,,,,,,,,,,,,,,9:00,,,,,,,,,,,,,,,,,,,,,,,,,,,,,,,,,,,,,,,Louise Thompson,
,,,,,,,,,,,,,,,,,,,,,7:45,,,,,,,,,,,,,,,,,,,,,,,,,,,,,,,,,,,,,,,Vido Arocho,
,,,,,,,,,,,,,,,,,,,,,7:15,,,,,,,,,,,,,,,,,,,,,,,,,,,,,,,,,,,,,,,Steven Benowitz,
,,,,,,,,,,,,,,,,,,,,,6:45,,,,,,,,,,,,,,,,,,,,,,,,,,,,,,,,,,,,,,,Shane Rybeck,
,,,,,,,,,,,,,,,,,,,,,6:45,,,,,,,,,,,,,,,,,,,,,,,,,,,,,,,,,,,,,,,Ruben,
,,,,,,,,,,,,,,,,,,,,,6:30,,,,,,,,,,,,,,,,,,,,,,,,,,,,,,,,,,,,,,,Det. Ruth Sunday,
,,,,,,,,,,,,,,,,,,,,,5:15,,,,,,,,,,,,,,,,,,,,,,,,,,,,,,,,,,,,,,,Jackson,
,,,,,,,,,,,,,,,,,,,,,5:15,,,,,,,,,,,,,,,,,,,,,,,,,,,,,,,,,,,,,,,Donald,
,,,,,,,,,,,,,,,,,,,,,5:15,,,,,,,,,,,,,,,,,,,,,,,,,,,,,,,,,,,,,,,Audrey Eastman,
,,,,,,,,,,,,,,,,,,,,,4:30,,,,,,,,,,,,,,,,,,,,,,,,,,,,,,,,,,,,,,,Peter Lyonne,
,,,,,,,,,,,,,,,,,,,,,4:00,,,,,,,,,,,,,,,,,,,,,,,,,,,,,,,,,,,,,,,Maury Tuttlebaum,
,,,,,,,,,,,,,,,,,,,,,3:15,,,,,,,,,,,,,,,,,,,,,,,,,,,,,,,,,,,,,,,Linda Chao,
,,,,,,,,,,,,,,,,,,,,,3:15,,,,,,,,,,,,,,,,,,,,,,,,,,,,,,,,,,,,,,,"Robert ""Whizzer"" Coleman",
,,,,,,,,,,,,,,,,,,,,,3:00,,,,,,,,,,,,,,,,,,,,,,,,,,,,,,,,,,,,,,,Clair,
,,,,,,,,,,,,,,,,,,,,,3:00,,,,,,,,:30,,,,,,,,,,,,,,,,,,,,,,,,,,,,,,,Nicole,
,,,,,,,,,,,,,,,,,,,,,2:30,,5:45,,,:30,,,,,,,,,,,,,,,,,,,,,,,,,,,,,,,,,,Thembi Wallace,
,,,,,,,,,,,,,,,,,,,,,2:30,,,,,,,,,,,,,,,,,,,,,,,,,,,,,,,,,,,,,,,Emma,
,,,,,,,,,,,,,,,,,,,,,1:45,,15:00,,,,,,,,,,,,,,,,,,,,,,,,,,,,,,,,,,,,,Dr. Reva Connors,
,,,,,,,,,,,,,,,,,,,,,1:00,,,,,,,,,,,,,,,,,,,,,,,,,,,,,,,,,,,,,,,Sgt. Brett Mahoney,
,,,,,,,,,,,,,,,,,,,,,:45,,,,,,,,,,,,,,,,,,,,,,,,,,,,,,,,,,,,,,,Brian Jones,
,,,,,,,,,,,,,,,,,,,,,:45,,,,,,,,,,,,,,,,,,,,,,,,,,,,,,,,,,,,,,,Phillip Jones,
,,,,,,,,,,,,,,,,,,,,,,11:30,,,,,,,,,,,,,,,,,,,,,,,,,,,,,,,,,,,,,,Prince T'Challa,Black Panther
,,,,,,,,,,,,,,,,,,,,,,10:30,,,,,,,,,,,,,,,,,,,,2:00,,,,,,,,,,,,,,,,,,Helmut Zemo,
,,,,,,,,,,,,,,,,,,,,,,5:00,,,,,,,,,,,,,,,,,,,,3:00,,10:30,,,2:00,,,,,,,,,,,,,Sharon Carter,
,,,,,,,,,,,,,,,,,,,,,,2:15,,,,,,,,,,,,,,,,,,,,,,,,,,,,,,,,,,,,,,Maria Stark,
,,,,,,,,,,,,,,,,,,,,,,1:30,,,,,,,,,,,,5:00,,,,,,,,,,,,,3:45,,,,,,,,,,,,,King T'Chaka,
,,,,,,,,,,,,,,,,,,,,,,1:15,,,,,,,,,,,,,,,,,,,,:15,,,,,,,,,,,,,,,,,,Everett Ross,
,,,,,,,,,,,,,,,,,,,,,,1:00,,,,,,4:00,,,,,,,,,,,:15,3:30,,,,,,,,,,,9:30,,,,,,,,,May Parker,
,,,,,,,,,,,,,,,,,,,,,,:30,,,,,,,,,,,,2:15,:15,,,,,,,,,3:15,,,,,,,,,,,,,,3:15,,Ayo,
,,,,,,,,,,,,,,,,,,,,,,,263:30,,,50:15,,,19:45,,,,,,,,,,,,,,,,,,,,,,,,,,,,,,,Det. Misty Knight,
,,,,,,,,,,,,,,,,,,,,,,,238:45,,,,,,,,,,,,,,,,,,,,,,,,,,,,,,,,,,,,,Mariah Stokes Dillard,
,,,,,,,,,,,,,,,,,,,,,,,154:45,,,,,,,,,,,,,,,,,,,,,,,,,,,,,,,,,,,,,"Hernan ""Shades"" Alvarez",
,,,,,,,,,,,,,,,,,,,,,,,70:45,,,,,,,,,,,,,,,,,,,,,,,,,,,,,,,,,,,,,John McIver,Bushmaster
,,,,,,,,,,,,,,,,,,,,,,,70:30,,,,,,,,,,,,,,,,,,,,,,,,,,,,,,,,,,,,,"Cornell ""Cottonmouth"" Stokes",
,,,,,,,,,,,,,,,,,,,,,,,68:30,,,,,,,,,,,,,,,,,,,,,,,,,,,,,,,,,,,,,Tilda Johnson,
,,,,,,,,,,,,,,,,,,,,,,,47:45,,,,,,,,,,,,,,,,,,,,,,,,,,,,,,,,,,,,,Willis Stryker,Diamondback
,,,,,,,,,,,,,,,,,,,,,,,41:00,,,,,,,,,,,,,,,,,,,,,,,,,,,,,,,,,,,,,Det. Rafael Scarfe,
,,,,,,,,,,,,,,,,,,,,,,,34:45,,,,,,,,,,,,,,,,,,,,,,,,,,,,,,,,,,,,,Deputy Chief Priscilla Ridley,
,,,,,,,,,,,,,,,,,,,,,,,32:00,,,,,,,,,,,,,,,,,,,,,,,,,,,,,,,,,,,,,Rev. James Lucas,
,,,,,,,,,,,,,,,,,,,,,,,28:45,,,,,,,,,,,,,,,,,,,,,,,,,,,,,,,,,,,,,Bobby Fish,
,,,,,,,,,,,,,,,,,,,,,,,28:45,,,,,,,,,,,,,,,,,,,,,,,,,,,,,,,,,,,,,"Darius ""Comanche"" Jones",
,,,,,,,,,,,,,,,,,,,,,,,24:45,,,,,,,,,,,,,,,,,,,,,,,,,,,,,,,,,,,,,"Henry ""Pop"" Hunter",
,,,,,,,,,,,,,,,,,,,,,,,21:00,,,,,,,,,,,,,,,,,,,,,,,,,,,,,,,,,,,,,"Raymond ""Piranha"" Jones",
,,,,,,,,,,,,,,,,,,,,,,,19:15,,,500:15,,,73:45,,,,,,,,,,,,,,,,,,,,,,,,,,,,,,,Danny Rand,Iron Fist
,,,,,,,,,,,,,,,,,,,,,,,19:00,,,,,,,,,,,,,,,,,,,,,,,,,,,,,,,,,,,,,Capt. Tom Ridenhour,
,,,,,,,,,,,,,,,,,,,,,,,18:00,,,,,,,,,,,,,,,,,,,,,,,,,,,,,,,,,,,,,Dr. Noah Burstein,
,,,,,,,,,,,,,,,,,,,,,,,17:15,,,,,,,,,,,,,,,,,,,,,,,,,,,,,,,,,,,,,Zip,
,,,,,,,,,,,,,,,,,,,,,,,17:00,,,,,,,,,,,,,,,,,,,,,,,,,,,,,,,,,,,,,"Paul ""Anansi"" Mackintosh",
,,,,,,,,,,,,,,,,,,,,,,,16:00,,,,,,,,,,,,,,,,,,,,,,,,,,,,,,,,,,,,,"Dave ""D.W."" Griffith",
,,,,,,,,,,,,,,,,,,,,,,,16:00,,,,,,,,,,,,,,,,,,,,,,,,,,,,,,,,,,,,,Det. Mark Bailey,
,,,,,,,,,,,,,,,,,,,,,,,15:45,,,,,,,,,,,,,,,,,,,,,,,,,,,,,,,,,,,,,"Wilfredo ""Chico"" Diaz",
,,,,,,,,,,,,,,,,,,,,,,,15:30,,,,,,,,,,,,,,,,,,,,,,,,,,,,,,,,,,,,,Domingo Colón,
,,,,,,,,,,,,,,,,,,,,,,,14:45,,,,,,,,,,,,,,,,,,,,,,,,,,,,,,,,,,,,,Sugar,
,,,,,,,,,,,,,,,,,,,,,,,14:30,,,,,,,,,,,,,,,,,,,,,,,,,,,,,,,,,,,,,Sheldon Shaw,
,,,,,,,,,,,,,,,,,,,,,,,14:15,,,,,,,,,,,,,,,,,,,,,,,,,,,,,,,,,,,,,Det. Nandi Tyler,
,,,,,,,,,,,,,,,,,,,,,,,14:00,,,,,,,,,,,,,,,,,,,,,,,,,,,,,,,,,,,,,Candace Miller,
,,,,,,,,,,,,,,,,,,,,,,,13:45,,,,,,,,,,,,,,,,,,,,,,,,,,,,,,,,,,,,,Alex Wesley,
,,,,,,,,,,,,,,,,,,,,,,,12:45,,,,,,,,,,,,,,,,,,,,,,,,,,,,,,,,,,,,,Dr. Gabe Krasner,
,,,,,,,,,,,,,,,,,,,,,,,11:15,,,,,,,,,,,,,,,,,,,,,,,,,,,,,,,,,,,,,"""Mama"" Mabel Stokes",
,,,,,,,,,,,,,,,,,,,,,,,10:45,,,,,,,,,,,,,,,,,,,,,,,,,,,,,,,,,,,,,"Dontrell ""Cockroach"" Hamilton",
,,,,,,,,,,,,,,,,,,,,,,,9:15,,,,,,,,,,,,,,,,,,,,,,,,,,,,,,,,,,,,,Lt. Perez,
,,,,,,,,,,,,,,,,,,,,,,,9:00,,,,,,,,,,,,,,,,,,,,,,,,,,,,,,,,,,,,,Tone,
,,,,,,,,,,,,,,,,,,,,,,,8:45,,,,,,,,,,,,,,,,,,,,,,,,,,,,,,,,,,,,,Ingrid Mackintosh,
,,,,,,,,,,,,,,,,,,,,,,,7:45,,,,,,,,,,,,,,,,,,,,,,,,,,,,,,,,,,,,,Damon Boone,
,,,,,,,,,,,,,,,,,,,,,,,7:15,,,,,,,,,,,,,,,,,,,,,,,,,,,,,,,,,,,,,"Reggie ""Squabbles""",
,,,,,,,,,,,,,,,,,,,,,,,7:00,,,,,,,,,,,,,,,,,,,,,,,,,,,,,,,,,,,,,"""Pistol"" Pete Stokes",
,,,,,,,,,,,,,,,,,,,,,,,6:15,,,,,,,,,,,,,,,,,,,,,,,,,,,,,,,,,,,,,Shameek Smith,
,,,,,,,,,,,,,,,,,,,,,,,5:45,,,,,,,,,,,,,,,,,,,,,,,,,,,,,,,,,,,,,Connie Lin,
,,,,,,,,,,,,,,,,,,,,,,,5:45,,,,,,,,,,,,,,,,,,,,,,,,,,,,,,,,,,,,,Albert Rackham,
,,,,,,,,,,,,,,,,,,,,,,,5:30,,,,,,,,,,,,,,,,,,,,,,,,,,,,,,,,,,,,,Soledad Temple,
,,,,,,,,,,,,,,,,,,,,,,,5:00,,,286:45,,,36:15,,,,,,,,,,,,,,,,,,,,,,,,,,,,,,,Colleen Wing,
,,,,,,,,,,,,,,,,,,,,,,,5:00,,,,,,,,,,,,,,,,,,,,,,,,,,,,,,,,,,,,,Capt. Betty Audrey,
,,,,,,,,,,,,,,,,,,,,,,,4:45,,,,,,,,,,,,,,,,,,,,,,,,,,,,,,,,,,,,,Stephanie Miller,
,,,,,,,,,,,,,,,,,,,,,,,3:30,,,,,,,,,,,,,,,,,,,,,,,,,,,,,,,,,,,,,Patricia Wilson,
,,,,,,,,,,,,,,,,,,,,,,,3:15,,,,,,,,,,,,,,,,,,,,,,,,,,,,,,,,,,,,,Aisha Axton,
,,,,,,,,,,,,,,,,,,,,,,,2:45,,,9:45,,,,,,,,,,,,,,,,,,,,,,,,,,,,,,,,,,Hai-Qing Yang,
,,,,,,,,,,,,,,,,,,,,,,,1:15,,,,,,,,,,,,,,,,,,,,,,,,,,,,,,,,,,,,,Etta Lucas,
,,,,,,,,,,,,,,,,,,,,,,,:45,,,,,,,,,,,,,,,,,,,,,,,,,,,,,,,,,,,,,Dana Stryker,
,,,,,,,,,,,,,,,,,,,,,,,,73:30,,,,,,,3:00,,,,11:15,,,,1:15,,,7:30,,,,,30:30,,,,12:30,,62:15,,,,,,,Dr. Stephen Strange,Doctor Strange
,,,,,,,,,,,,,,,,,,,,,,,,17:45,,,,,,,,,,,,,,,,,,:30,,,,,,,,,,,,,,,,,,Karl Mordo,
,,,,,,,,,,,,,,,,,,,,,,,,17:15,,,,,,,,,,,,,,,3:30,,,:30,,,,,2:45,,,,,,,,,,,,,The Ancient One,
,,,,,,,,,,,,,,,,,,,,,,,,12:45,,,,,,,,,,,,,,,,,,:45,,,,,,,,,,,,,,,,,,Kaecilius,
,,,,,,,,,,,,,,,,,,,,,,,,12:45,,,,,,,,,,,,,,,,,,1:15,,,,,4:15,,,,,,13:45,,,,,,,Dr. Christine Palmer,
,,,,,,,,,,,,,,,,,,,,,,,,7:00,,,,,,,,,,,3:30,,,,:45,,,3:45,,,,,2:00,2:00,,,:45,,12:00,,,9:30,,,,Wong,
,,,,,,,,,,,,,,,,,,,,,,,,3:45,,,,,,,,,,,,,,,,,,,,,,,,,,,,,,,,,,,,Lucian,
,,,,,,,,,,,,,,,,,,,,,,,,2:45,,,,,,,,,,,,,,,,,,,,,,,,,,,,,,,,,,,,Jonathan Pangborn,
,,,,,,,,,,,,,,,,,,,,,,,,2:00,,,,,,,,,,,,,,,,,,:15,,,,,x:00,,,,,,,,,,,,,Dormammu,
,,,,,,,,,,,,,,,,,,,,,,,,1:30,,,,,,,,,,,,,,,,,,,,,,,,,,,,,1:45,,,,,,,Dr. Nicodemus West,
,,,,,,,,,,,,,,,,,,,,,,,,,3:15,,,,,,,,,,,,,,,,,,,,,,,,,,,,,,,,,,,Victor Ramon,
,,,,,,,,,,,,,,,,,,,,,,,,,3:00,,,,,,,,,,,,,,,,,,,,,,,,,,,,,,,,,,,Agent Daisy Johnson,
,,,,,,,,,,,,,,,,,,,,,,,,,2:15,,,,,,,,,,,,,,,,,,,,,,,,,,,,,,,,,,,Director Jeffrey Mace,
,,,,,,,,,,,,,,,,,,,,,,,,,,199:45,,,,,,,,,,,,,,,,,,,,,,,,,,,,,,,,,,Ward Meachum,
,,,,,,,,,,,,,,,,,,,,,,,,,,189:00,,,,,,,,,,,,,,,,,,,,,,,,,,,,,,,,,,Joy Meachum,
,,,,,,,,,,,,,,,,,,,,,,,,,,130:00,,,,,,,,,,,,,,,,,,,,,,,,,,,,,,,,,,Davos,Steel Serpent
,,,,,,,,,,,,,,,,,,,,,,,,,,91:45,,,,,,,,,,,,,,,,,,,,,,,,,,,,,,,,,,Harold Meachum,
,,,,,,,,,,,,,,,,,,,,,,,,,,66:00,,,,,,,,,,,,,,,,,,,,,,,,,,,,,,,,,,Mary Walker,
,,,,,,,,,,,,,,,,,,,,,,,,,,35:00,,,10:15,,,,,,,,,,,,,,,,,,,,,,,,,,,,,,,Bakuto,
,,,,,,,,,,,,,,,,,,,,,,,,,,18:30,,,,,,,,,,,,,,,,,,,,,,,,,,,,,,,,,,BB,
,,,,,,,,,,,,,,,,,,,,,,,,,,16:15,,,,,,,,,,,,,,,,,,,,,,,,,,,,,,,,,,Dr. Paul Edmonds,
,,,,,,,,,,,,,,,,,,,,,,,,,,14:30,,,,,,,,,,,,,,,,,,,,,,,,,,,,,,,,,,Bethany,
,,,,,,,,,,,,,,,,,,,,,,,,,,12:00,,,,,,,,,,,,,,,,,,,,,,,,,,,,,,,,,,Sherry Yang,
,,,,,,,,,,,,,,,,,,,,,,,,,,11:45,,,,,,,,,,,,,,,,,,,,,,,,,,,,,,,,,,Chen Wu,
,,,,,,,,,,,,,,,,,,,,,,,,,,11:15,,,,,,,,,,,,,,,,,,,,,,,,,,,,,,,,,,Ryhno,
,,,,,,,,,,,,,,,,,,,,,,,,,,11:00,,,,,,,,,,,,,,,,,,,,,,,,,,,,,,,,,,Lawrence Wilkins,
,,,,,,,,,,,,,,,,,,,,,,,,,,8:00,,,,,,,,,,,,,,,,,,,,,,,,,,,,,,,,,,Mika Prada,
,,,,,,,,,,,,,,,,,,,,,,,,,,7:45,,,,,,,,,,,,,,,,,,,,,,,,,,,,,,,,,,Radovan Bernivig,
,,,,,,,,,,,,,,,,,,,,,,,,,,6:00,,,,,,,,,,,,,,,,,,,,,,,,,,,,,:15,,,,,Darryl,
,,,,,,,,,,,,,,,,,,,,,,,,,,5:30,,,,,,,,,,,,,,,,,,,,,,,,,,,,,,,,,,Kyle,
,,,,,,,,,,,,,,,,,,,,,,,,,,5:15,,,,,,,,,,,,,,,,,,,,,,,,,,,,,,,,,,Sam Chung,
,,,,,,,,,,,,,,,,,,,,,,,,,,5:15,,,,,,,,,,,,,,,,,,,,,,,,,,,,,,,,,,Crank,
,,,,,,,,,,,,,,,,,,,,,,,,,,5:15,,,,,,,,,,,,,,,,,,,,,,,,,,,,,,,,,,Megan,
,,,,,,,,,,,,,,,,,,,,,,,,,,4:45,,,,,,,,,,,,,,,,,,,,,,,,,,,,,,,,,,Prya,
,,,,,,,,,,,,,,,,,,,,,,,,,,4:45,,,,,,,,,,,,,,,,,,,,,,,,,,,,,,,,,,Bride of Nine Spiders,
,,,,,,,,,,,,,,,,,,,,,,,,,,4:30,,,,,,,,,,,,,,,,,,,,,,,,,,,,,,,,,,Scythe,
,,,,,,,,,,,,,,,,,,,,,,,,,,4:15,,,,,,,,,,,,,,,,,,,,,,,,,,,,,,,,,,Zhou Cheng,
,,,,,,,,,,,,,,,,,,,,,,,,,,4:15,,,,,,,,,,,,,,,,,,,,,,,,,,,,,,,,,,Grigori Veznikov,
,,,,,,,,,,,,,,,,,,,,,,,,,,4:15,,,,,,,,,,,,,,,,,,,,,,,,,,,,,,,,,,Andrei Veznikov,
,,,,,,,,,,,,,,,,,,,,,,,,,,4:15,,,,,,,,,,,,,,,,,,,,,,,,,,,,,,,,,,Avalon,
,,,,,,,,,,,,,,,,,,,,,,,,,,4:15,,,,,,,,,,,,,,,,,,,,,,,,,,,,,,,,,,DK,
,,,,,,,,,,,,,,,,,,,,,,,,,,3:45,,,,,,,,,,,,,,,,,,,,,,,,,,,,,,,,,,Aiko,
,,,,,,,,,,,,,,,,,,,,,,,,,,3:00,,,,,,,,,,,,,,,,,,,,,,,,,,,,,,,,,,Lei Kung,
,,,,,,,,,,,,,,,,,,,,,,,,,,1:15,,,,,,,,,,,,,,,,,,,,,,,,,,,,,,,,,,Yü-Ti,
,,,,,,,,,,,,,,,,,,,,,,,,,,:45,,,,,,,,,,,,,,,,,,,,,,,,,,,,,,,,,,Wendell Rand,
,,,,,,,,,,,,,,,,,,,,,,,,,,:45,,,,,,,,,,,,,,,,,,,,,,,,,,,,,,,,,,Heather Rand,
,,,,,,,,,,,,,,,,,,,,,,,,,,,17:00,,,,,,,,,,,,,,,:30,,,,,:15,,,,,,,,,,,,,Ego,
,,,,,,,,,,,,,,,,,,,,,,,,,,,11:00,,,,,,,,5:45,,,,:45,,,:15,,,,,:15,,,,,,,,1:30,,,,16:00,Mantis,
,,,,,,,,,,,,,,,,,,,,,,,,,,,4:15,,,,,,,,,,,,,,,:15,,,,,2:00,,,,,,,,,,,,,Taserface,
,,,,,,,,,,,,,,,,,,,,,,,,,,,3:30,,,,,,,,,,,,,,,,,,,,,,,,,,,,,,,,,Ayesha,
,,,,,,,,,,,,,,,,,,,,,,,,,,,1:30,,,,,,,,,,,,,,,,,,,,,,,,,,,,,,,,,Stakar Ogord,
,,,,,,,,,,,,,,,,,,,,,,,,,,,1:00,,,,,,,,,,,,,,,,,,,,,,,,,,,,,,,,,Martinex T'Naga,
,,,,,,,,,,,,,,,,,,,,,,,,,,,:15,,,,,,,,,,,,,,,,,,,,,,,,,,,,,,,,,Aleta Ogord,
,,,,,,,,,,,,,,,,,,,,,,,,,,,:15,,,,,,,,,,,,,,,,,,,,,,,,,,,,,,,,,Charlie-27,
,,,,,,,,,,,,,,,,,,,,,,,,,,,x:00,,,,,,,,,,,,,,,,,,,,,,,,,,,,,,,,,Mainframe,
,,,,,,,,,,,,,,,,,,,,,,,,,,,x:00,,,,,,,,,,,,,,,,,,,,,,,,,,,,,,,,,Krugarr,
,,,,,,,,,,,,,,,,,,,,,,,,,,,,19:00,,,,,,,,,,,,,,,,,,,,,,,,,,,,,,,,Adrian Toomes,Vulture
,,,,,,,,,,,,,,,,,,,,,,,,,,,,13:45,,,,,,,:15,,,,:15,14:30,,,,,,,,,,,18:30,,,,,,,,,Ned Leeds,
,,,,,,,,,,,,,,,,,,,,,,,,,,,,9:45,,,,,,,,,,,,,,,,,,,,,,,,,,,,,,,,Liz Toomes,
,,,,,,,,,,,,,,,,,,,,,,,,,,,,4:30,,,,,,,,,,,,,,,,,,,,,,,,,,,,,,,,Herman Schultz,The Shocker
,,,,,,,,,,,,,,,,,,,,,,,,,,,,3:45,,,,,,,,,,,,,,,,,,,,,,,,,,,,,,,,Phineas Mason,Tinkerer
,,,,,,,,,,,,,,,,,,,,,,,,,,,,2:45,,,,,,,,,,,,19:30,,,,,,,,,,,,,,,,,,,,Michelle Jones,
,,,,,,,,,,,,,,,,,,,,,,,,,,,,2:30,,,,,,,,,,,,,,,,,,,,,,,,,,,,,,,,Aaron Davis,
,,,,,,,,,,,,,,,,,,,,,,,,,,,,2:30,,,,,,,,,,,,,,,,,,,,,,,,,,,,,,,,Jackson Brice,The Shocker
,,,,,,,,,,,,,,,,,,,,,,,,,,,,2:15,,,,,,,,,,,,5:45,,,,,,,,,,,:45,,,,,,,,,Flash Thompson,
,,,,,,,,,,,,,,,,,,,,,,,,,,,,1:15,,,,,,,,,,,,,,,,,,,,,,,,,,,,,,,,Mac Gargan,
,,,,,,,,,,,,,,,,,,,,,,,,,,,,1:15,,,,,,,,,,,,9:15,,,,,,,,,,,:15,,,,,,,,,Betty Brant,
,,,,,,,,,,,,,,,,,,,,,,,,,,,,1:00,,,,,,,,,,,,,,,,,,,,,,,,,,,,,,,,Ann Marie Hoag,
,,,,,,,,,,,,,,,,,,,,,,,,,,,,1:00,,,,,,,,,,,,:45,,,,,,,,,,,,,,,,,,,,Jason Ionello,
,,,,,,,,,,,,,,,,,,,,,,,,,,,,,46:45,,,,,,,,,,,,,,,,,,,,,,,,,,,,,,,Alexandra Reid,
,,,,,,,,,,,,,,,,,,,,,,,,,,,,,14:15,,,,,,,,,,,,,,,,,,,,,,,,,,,,,,,Murakami,
,,,,,,,,,,,,,,,,,,,,,,,,,,,,,8:00,,,,,,,,,,,,,,,,,,,,,,,,,,,,,,,Sowande,
,,,,,,,,,,,,,,,,,,,,,,,,,,,,,3:45,,,,,,,,,,,,,,,,,,,,,,,,,,,,,,,Michelle Raymond,
,,,,,,,,,,,,,,,,,,,,,,,,,,,,,2:30,,,,,,,,,,,,,,,,,,,,,,,,,,,,,,,Lexi Raymond,
,,,,,,,,,,,,,,,,,,,,,,,,,,,,,2:15,,,,,,,,,,,,,,,,,,,,,,,,,,,,,,,Dolores,
,,,,,,,,,,,,,,,,,,,,,,,,,,,,,2:15,,,,,,,,,,,,,,,,,,,,,,,,,,,,,,,Jeryn Hogarth,
,,,,,,,,,,,,,,,,,,,,,,,,,,,,,1:30,,,,,,,,,,,,,,,,,,,,,,,,,,,,,,,Shaft,
,,,,,,,,,,,,,,,,,,,,,,,,,,,,,,77:00,,,,,,,,,,,,,,,,,,,,,,,,,,,,,,Maximus,
,,,,,,,,,,,,,,,,,,,,,,,,,,,,,,70:00,,,,,,,,,,,,,,,,,,,,,,,,,,,,,,Black Bolt,
,,,,,,,,,,,,,,,,,,,,,,,,,,,,,,67:00,,,,,,,,,,,,,,,,,,,,,,,,,,,,,,Medusa,
,,,,,,,,,,,,,,,,,,,,,,,,,,,,,,54:30,,,,,,,,,,,,,,,,,,,,,,,,,,,,,,Karnak,
,,,,,,,,,,,,,,,,,,,,,,,,,,,,,,36:15,,,,,,,,,,,,,,,,,,,,,,,,,,,,,,Crystal,
,,,,,,,,,,,,,,,,,,,,,,,,,,,,,,33:45,,,,,,,,,,,,,,,,,,,,,,,,,,,,,,Gorgon,
,,,,,,,,,,,,,,,,,,,,,,,,,,,,,,28:30,,,,,,,,,,,,,,,,,,,,,,,,,,,,,,Auran,
,,,,,,,,,,,,,,,,,,,,,,,,,,,,,,24:45,,,,,,,,,,,,,,,,,,,,,,,,,,,,,,Louise Fisher,
,,,,,,,,,,,,,,,,,,,,,,,,,,,,,,16:30,,,,,,,,,,,,,,,,,,,,,,,,,,,,,,Dr. Evan Declan,
,,,,,,,,,,,,,,,,,,,,,,,,,,,,,,15:00,,,,,,,,,,,,,,,,,,,,,,,,,,,,,,Jen,
,,,,,,,,,,,,,,,,,,,,,,,,,,,,,,11:00,,,,,,,,,,,,,,,,,,,,,,,,,,,,,,Bronaja,
,,,,,,,,,,,,,,,,,,,,,,,,,,,,,,9:45,,,,,,,,,,,,,,,,,,,,,,,,,,,,,,Tibor,
,,,,,,,,,,,,,,,,,,,,,,,,,,,,,,8:15,,,,,,,,,,,,,,,,,,,,,,,,,,,,,,Triton,
,,,,,,,,,,,,,,,,,,,,,,,,,,,,,,8:15,,,,,,,,,,,,,,,,,,,,,,,,,,,,,,Sammy,
,,,,,,,,,,,,,,,,,,,,,,,,,,,,,,6:15,,,,,,,,,,,,,,,,,,,,,,,,,,,,,,Kitang,
,,,,,,,,,,,,,,,,,,,,,,,,,,,,,,5:45,,,,,,,,,,,,,,,,,,,,,,,,,,,,,,Lockjaw,
,,,,,,,,,,,,,,,,,,,,,,,,,,,,,,5:30,,,,,,,,,,,,,,,,,,,,,,,,,,,,,,Mordis,
,,,,,,,,,,,,,,,,,,,,,,,,,,,,,,1:30,,,,,,,,,,,,,,,,,,,,,,,,,,,,,,Queen Rynda,
,,,,,,,,,,,,,,,,,,,,,,,,,,,,,,1:30,,,,,,,,,,,,,,,,,,,,,,,,,,,,,,King Agon,
,,,,,,,,,,,,,,,,,,,,,,,,,,,,,,,14:15,,,,,,,,2:15,,,:15,,,x:00,,:15,,,,,,,,,,,,,Valkyrie,
,,,,,,,,,,,,,,,,,,,,,,,,,,,,,,,12:30,,,,,,,,,,,:15,,,,,,,,,,,,,,,,,,Hela,
,,,,,,,,,,,,,,,,,,,,,,,,,,,,,,,6:45,,,,,,,,,,,:15,,,,,x:00,,,,,,,,,,,,,Skurge,
,,,,,,,,,,,,,,,,,,,,,,,,,,,,,,,5:30,,,,,,,,,,,,,,,,:15,,,,,,,,,,,,,The Grandmaster,
,,,,,,,,,,,,,,,,,,,,,,,,,,,,,,,4:00,,,,,,,,1:00,,,,,,,,:30,,,,,,,,8:30,,,,,Korg,
,,,,,,,,,,,,,,,,,,,,,,,,,,,,,,,3:00,,,,,,,,,,,,,,,,:15,,,,,,,,,,,,,Surtur,
,,,,,,,,,,,,,,,,,,,,,,,,,,,,,,,2:00,,,,,,,,,,,,,,,,:15,,,,,,,,,,,,,Topaz,
,,,,,,,,,,,,,,,,,,,,,,,,,,,,,,,1:45,,,,,,,,,,,,,,,,,,,,,,,,,,,,,Fenriswolf,
,,,,,,,,,,,,,,,,,,,,,,,,,,,,,,,1:30,,,,,,,,:30,,,,,,,,,,,,,,,,:15,,,,,Miek,
,,,,,,,,,,,,,,,,,,,,,,,,,,,,,,,,216:45,,,,,,,,,,,,,,,,,,,,,,,,,,,,Billy Russo,
,,,,,,,,,,,,,,,,,,,,,,,,,,,,,,,,197:00,,,,,,,,,,,,,,,,,,,,,,,,,,,,Agent Dinah Madani,
,,,,,,,,,,,,,,,,,,,,,,,,,,,,,,,,112:30,,,,,,,,,,,,,,,,,,,,,,,,,,,,David Lieberman,Micro
,,,,,,,,,,,,,,,,,,,,,,,,,,,,,,,,106:15,,,,,,,,,,,,,,,,,,,,,,,,,,,,Amy Bendix,
,,,,,,,,,,,,,,,,,,,,,,,,,,,,,,,,87:30,,,,,,,,,,,,,,,,,,,,,,,,,,,,Curtis Hoyle,
,,,,,,,,,,,,,,,,,,,,,,,,,,,,,,,,73:30,,,,,,,,,,,,,,,,,,,,,,,,,,,,Dr. Krista Dumont,
,,,,,,,,,,,,,,,,,,,,,,,,,,,,,,,,63:45,,,,,,,,,,,,,,,,,,,,,,,,,,,,John Pilgrim,
,,,,,,,,,,,,,,,,,,,,,,,,,,,,,,,,39:30,,,,,,,,,,,,,,,,,,,,,,,,,,,,Lewis Wilson,
,,,,,,,,,,,,,,,,,,,,,,,,,,,,,,,,36:00,,,,,,,,,,,,,,,,,,,,,,,,,,,,Sarah Lieberman,
,,,,,,,,,,,,,,,,,,,,,,,,,,,,,,,,28:45,,,,,,,,,,,,,,,,,,,,,,,,,,,,William Rawlins,
,,,,,,,,,,,,,,,,,,,,,,,,,,,,,,,,27:30,,,,,,,,,,,,,,,,,,,,,,,,,,,,Agent Sam Stein,
,,,,,,,,,,,,,,,,,,,,,,,,,,,,,,,,22:45,,,,,,,,,,,,,,,,,,,,,,,,,,,,Beth Quinn,
,,,,,,,,,,,,,,,,,,,,,,,,,,,,,,,,17:30,,,,,,,,,,,,,,,,,,,,,,,,,,,,Marion James,
,,,,,,,,,,,,,,,,,,,,,,,,,,,,,,,,17:15,,,,,,,,,,,,,,,,,,,,,,,,,,,,Rafael Hernandez,
,,,,,,,,,,,,,,,,,,,,,,,,,,,,,,,,16:45,,,,,,,,,,,,,,,,,,,,,,,,,,,,Sheriff Hardin,
,,,,,,,,,,,,,,,,,,,,,,,,,,,,,,,,15:45,,,,,,,,,,,,,,,,,,,,,,,,,,,,Leo Lieberman,
,,,,,,,,,,,,,,,,,,,,,,,,,,,,,,,,13:30,,,,,,,,,,,,,,,,,,,,,,,,,,,,Jake Nelson,
,,,,,,,,,,,,,,,,,,,,,,,,,,,,,,,,13:00,,,,,,,,,,,,,,,,,,,,,,,,,,,,Zach Lieberman,
,,,,,,,,,,,,,,,,,,,,,,,,,,,,,,,,11:15,,,,,,,,,,,,,,,,,,,,,,,,,,,,Anderson Schultz,
,,,,,,,,,,,,,,,,,,,,,,,,,,,,,,,,10:00,,,,,,,,,,,,,,,,,,,,,,,,,,,,Eliza Schultz,
,,,,,,,,,,,,,,,,,,,,,,,,,,,,,,,,9:30,,,,,,,,,,,,,,,,,,,,,,,,,,,,David Schultz,
,,,,,,,,,,,,,,,,,,,,,,,,,,,,,,,,9:00,,,,,,,,,,,,,,,,,,,,,,,,,,,,Maria Castle,
,,,,,,,,,,,,,,,,,,,,,,,,,,,,,,,,8:30,,,,,,,,,,,,,,,,,,,,,,,,,,,,Carson Wolf,
,,,,,,,,,,,,,,,,,,,,,,,,,,,,,,,,8:00,,,,,,,,,,,,,,,,,,,,,,,,,,,,Dr. Farah Madani,
,,,,,,,,,,,,,,,,,,,,,,,,,,,,,,,,8:00,,,,,,,,,,,,,,,,,,,,,,,,,,,,Donny Chavez,
,,,,,,,,,,,,,,,,,,,,,,,,,,,,,,,,8:00,,,,,,,,,,,,,,,,,,,,,,,,,,,,Marlena Olin,
,,,,,,,,,,,,,,,,,,,,,,,,,,,,,,,,7:30,,,,,,,,,,,,,,,,,,,,,,,,,,,,Gunner Henderson,
,,,,,,,,,,,,,,,,,,,,,,,,,,,,,,,,7:30,,,,,,,,,,,,,,,,,,,,,,,,,,,,Senator Stan Ori,
,,,,,,,,,,,,,,,,,,,,,,,,,,,,,,,,7:30,,,,,,,,,,,,,,,,,,,,,,,,,,,,Deputy Ken Ogden,
,,,,,,,,,,,,,,,,,,,,,,,,,,,,,,,,7:00,,,,,,,,,,,,,,,,,,,,,,,,,,,,José,
,,,,,,,,,,,,,,,,,,,,,,,,,,,,,,,,3:45,,,,,,,,,,,,,,,,,,,,,,,,,,,,Lisa Castle,
,,,,,,,,,,,,,,,,,,,,,,,,,,,,,,,,3:15,,,,,,,,,,,,,,,,,,,,,,,,,,,,Frank Castle Jr.,
,,,,,,,,,,,,,,,,,,,,,,,,,,,,,,,,2:15,,,,,,,,,,,,,,,,,,,,,,,,,,,,Maj. Ray Schoonover,
,,,,,,,,,,,,,,,,,,,,,,,,,,,,,,,,1:45,,,,,,,,,,,,,,,,,,,,,,,,,,,,Ahmad Zubair,
,,,,,,,,,,,,,,,,,,,,,,,,,,,,,,,,1:30,,,,,,,,,,,,,,,,,,,,,,,,,,,,Dr. Hamid Madani,
,,,,,,,,,,,,,,,,,,,,,,,,,,,,,,,,,293:45,,,,,,,,,,,,,,,,,,,,,,,,,,,Nico Minoru,
,,,,,,,,,,,,,,,,,,,,,,,,,,,,,,,,,258:30,,,,,,,,,,,,,,,,,,,,,,,,,,,Chase Stein,
,,,,,,,,,,,,,,,,,,,,,,,,,,,,,,,,,243:15,,,,,,,,,,,,,,,,,,,,,,,,,,,Karolina Dean,
,,,,,,,,,,,,,,,,,,,,,,,,,,,,,,,,,233:00,,,,,,,,,,,,,,,,,,,,,,,,,,,Gert Yorkes,
,,,,,,,,,,,,,,,,,,,,,,,,,,,,,,,,,231:00,,,,,,,,,,,,,,,,,,,,,,,,,,,Alex Wilder,
,,,,,,,,,,,,,,,,,,,,,,,,,,,,,,,,,213:45,,,,,,,,,,,,,,,,,,,,,,,,,,,Molly Hernandez,
,,,,,,,,,,,,,,,,,,,,,,,,,,,,,,,,,121:45,,,,,,,,,,,,,,,,,,,,,,,,,,,Leslie Dean,
,,,,,,,,,,,,,,,,,,,,,,,,,,,,,,,,,104:15,,,,,,,,,,,,,,,,,,,,,,,,,,,Victor Stein,
,,,,,,,,,,,,,,,,,,,,,,,,,,,,,,,,,102:45,,,,,,,,,,,,,,,,,,,,,,,,,,,Jonah,The Magistrate
,,,,,,,,,,,,,,,,,,,,,,,,,,,,,,,,,102:30,,,,,,,,,,,,,,,,,,,,,,,,,,,Tina Minoru,
,,,,,,,,,,,,,,,,,,,,,,,,,,,,,,,,,98:30,,,,,,,,,,,,,,,,,,,,,,,,,,,Geoffrey Wilder,
,,,,,,,,,,,,,,,,,,,,,,,,,,,,,,,,,95:30,,,,,,,,,,,,,,,,,,,,,,,,,,,Stacey Yorkes,
,,,,,,,,,,,,,,,,,,,,,,,,,,,,,,,,,87:00,,,,,,,,,,,,,,,,,,,,,,,,,,,Dale Yorkes,
,,,,,,,,,,,,,,,,,,,,,,,,,,,,,,,,,81:30,,,,,,,,,,,,,,,,,,,,,,,,,,,Janet Stein,
,,,,,,,,,,,,,,,,,,,,,,,,,,,,,,,,,68:15,,,,,,,,,,,,,,,,,,,,,,,,,,,Catherine Wilder,
,,,,,,,,,,,,,,,,,,,,,,,,,,,,,,,,,65:56,,,,,,,,,,,,,,,,,,,,,,,,,,,Robert Minoru,
,,,,,,,,,,,,,,,,,,,,,,,,,,,,,,,,,48:45,,,,,,,,,,,,,,,,,,,,,,,,,,,Frank Dean,
,,,,,,,,,,,,,,,,,,,,,,,,,,,,,,,,,38:30,,,,,,,,,,,,,,,,,,,,,,,,,,,Xavin,
,,,,,,,,,,,,,,,,,,,,,,,,,,,,,,,,,29:15,,,,,,,,,,,,,,,,,,,,,,,,,,,Darius Davis,
,,,,,,,,,,,,,,,,,,,,,,,,,,,,,,,,,28:30,,,,,,,,,,,,,,,,,,,,,,,,,,,Morgan le Fay,
,,,,,,,,,,,,,,,,,,,,,,,,,,,,,,,,,26:15,,,,,,,,,,,,,,,,,,,,,,,,,,,Livvie,
,,,,,,,,,,,,,,,,,,,,,,,,,,,,,,,,,25:15,,,,,,,,,,,,,,,,,,,,,,,,,,,The Magistrate's Daughter,
,,,,,,,,,,,,,,,,,,,,,,,,,,,,,,,,,24:30,,,,,,,,,,,,,,,,,,,,,,,,,,,The Magistrate's Wife,
,,,,,,,,,,,,,,,,,,,,,,,,,,,,,,,,,22:30,,,,,,,,,,,,,,,,,,,,,,,,,,,Old Lace,
,,,,,,,,,,,,,,,,,,,,,,,,,,,,,,,,,20:30,,,,,,,,,,,,,,,,,,,,,,,,,,,Topher,
,,,,,,,,,,,,,,,,,,,,,,,,,,,,,,,,,19:00,,,,,,,,,,,,,,,,,,,,,,,,,,,Tamar,
,,,,,,,,,,,,,,,,,,,,,,,,,,,,,,,,,14:45,,,,,,,,,,,,,,,,,,,,,,,,,,,"Anthony ""AWOL"" Wall",
,,,,,,,,,,,,,,,,,,,,,,,,,,,,,,,,,14:30,,,324:00,,,,,,,,,,,,,,,,,,,,,,,,"Tyrone ""Ty"" Johnson",Cloak
,,,,,,,,,,,,,,,,,,,,,,,,,,,,,,,,,14:15,,,339:00,,,,,,,,,,,,,,,,,,,,,,,,Tandy Bowen,Dagger
,,,,,,,,,,,,,,,,,,,,,,,,,,,,,,,,,11:30,,,,,,,,,,,,,,,,,,,,,,,,,,,The Magistrate's Son,
,,,,,,,,,,,,,,,,,,,,,,,,,,,,,,,,,9:30,,,,,,,,,,,,,,,,,,,,,,,,,,,Vaughn Kaye,
,,,,,,,,,,,,,,,,,,,,,,,,,,,,,,,,,9:00,,,,,,,,,,,,,,,,,,,,,,,,,,,Destiny Gonzalez,
,,,,,,,,,,,,,,,,,,,,,,,,,,,,,,,,,8:30,,,,,,,,,,,,,,,,,,,,,,,,,,,Susan Ellerh,
,,,,,,,,,,,,,,,,,,,,,,,,,,,,,,,,,6:15,,,,,,,,,,,,,,,,,,,,,,,,,,,Detective Flores,
,,,,,,,,,,,,,,,,,,,,,,,,,,,,,,,,,5:30,,,,,,,,,,,,,,,,,,,,,,,,,,,Alice Hernandez,
,,,,,,,,,,,,,,,,,,,,,,,,,,,,,,,,,5:15,,,,,,,,,,,,,,,,,,,,,,,,,,,Gene Hernandez,
,,,,,,,,,,,,,,,,,,,,,,,,,,,,,,,,,3:45,,,,,,,,,,,,,,,,,,,,,,,,,,,Amy Minoru,
,,,,,,,,,,,,,,,,,,,,,,,,,,,,,,,,,,48:00,3:30,,,,1:45,,,1:30,,,,,,,,,,,,,,,,:15,,King T'Challa,Black Panther
,,,,,,,,,,,,,,,,,,,,,,,,,,,,,,,,,,22:15,,,,,,,,,,,,,,,,,,,,,,,,2:00,,N'Jadaka,"Erik ""Killmonger"" Stevens"
,,,,,,,,,,,,,,,,,,,,,,,,,,,,,,,,,,16:45,,,,,,,,,,,,,,,,,,,,,,,,14:00,,Nakia,
,,,,,,,,,,,,,,,,,,,,,,,,,,,,,,,,,,14:30,:45,,,,1:15,,,,,,,,2:00,,,,,,,,,,,57:30,,Princess Shuri,
,,,,,,,,,,,,,,,,,,,,,,,,,,,,,,,,,,12:45,2:45,,,,1:45,,,:30,,,,,5:15,,,,,,,,,,,16:00,,Okoye,
,,,,,,,,,,,,,,,,,,,,,,,,,,,,,,,,,,12:00,,,,,,,,,,,,,,,,,,,,,,,,5:45,,Agent Everett Ross,
,,,,,,,,,,,,,,,,,,,,,,,,,,,,,,,,,,8:15,,,,,,,,,,,,,,,,,,,,,,,,,,Zuri,
,,,,,,,,,,,,,,,,,,,,,,,,,,,,,,,,,,7:15,,,,,,,,,,,,,,,,,,,,,,,,,,W'Kabi,
,,,,,,,,,,,,,,,,,,,,,,,,,,,,,,,,,,6:45,,,,,,,,,,,,,,,,,,,,,,,,,,Ramonda,
,,,,,,,,,,,,,,,,,,,,,,,,,,,,,,,,,,5:45,1:00,,,,:15,,,:30,,,,,,,,,,,,,,,,8:15,,M'Baku,
,,,,,,,,,,,,,,,,,,,,,,,,,,,,,,,,,,4:15,,,,,,,,,,,,,,,,,,,,,,,,,,N'Jobu,
,,,,,,,,,,,,,,,,,,,,,,,,,,,,,,,,,,1:00,,,,,,,,,,,,,,,,,,,,,,,,,,Xoliswa,
,,,,,,,,,,,,,,,,,,,,,,,,,,,,,,,,,,,4:30,,,,1:00,,,1:00,,,,,1:15,,,,,,,,,,,,,Ebony Maw,
,,,,,,,,,,,,,,,,,,,,,,,,,,,,,,,,,,,4:00,,,,:30,,,:30,,,,,,,,,,,,,,,,,,Proxima Midnight,
,,,,,,,,,,,,,,,,,,,,,,,,,,,,,,,,,,,3:30,,,,:30,,,:30,,,,,1:45,,,,,,,,,,,,,Cull Obsidian,
,,,,,,,,,,,,,,,,,,,,,,,,,,,,,,,,,,,3:15,,,,:30,,,:45,,,,,:15,,,,,,,,,,,,,Corvus Glaive,
,,,,,,,,,,,,,,,,,,,,,,,,,,,,,,,,,,,2:45,,,,,,,,,,,,x:00,,,,,,,,,,,,,Eitri,
,,,,,,,,,,,,,,,,,,,,,,,,,,,,,,,,,,,1:45,,,,1:00,,,,,,,,,,,,,,,,,,,,,The Stonekeeper,
,,,,,,,,,,,,,,,,,,,,,,,,,,,,,,,,,,,:45,,,,,,,,,,,,3:30,,,,,,,,,,,,,Taneleer Tivan,The Collector
,,,,,,,,,,,,,,,,,,,,,,,,,,,,,,,,,,,x:00,,,,,,,,,,,,,,,,,,,,,,,,,Cindy Moon,
,,,,,,,,,,,,,,,,,,,,,,,,,,,,,,,,,,,x:00,,,,,,,,,,,,,,,,,,,,,,,,,Sally Avril,
,,,,,,,,,,,,,,,,,,,,,,,,,,,,,,,,,,,,101:15,,,,,,,,,,,,,,,,,,,,,,,,Det. Brigid O'Reilly,Mayhem
,,,,,,,,,,,,,,,,,,,,,,,,,,,,,,,,,,,,39:15,,,,,,,,,,,,,,,,,,,,,,,,Andre Deschaine,
,,,,,,,,,,,,,,,,,,,,,,,,,,,,,,,,,,,,39:00,,,,,,,,,,,,,,,,,,,,,,,,Evita Fusilier,
,,,,,,,,,,,,,,,,,,,,,,,,,,,,,,,,,,,,36:00,,,,,,,,,,,,,,,,,,,,,,,,Adina Johnson,
,,,,,,,,,,,,,,,,,,,,,,,,,,,,,,,,,,,,34:00,,,,,,,,,,,,,,,,,,,,,,,,Det. James Connors,
,,,,,,,,,,,,,,,,,,,,,,,,,,,,,,,,,,,,26:45,,,,,,,,,,,,,,,,,,,,,,,,Melissa Bowen,
,,,,,,,,,,,,,,,,,,,,,,,,,,,,,,,,,,,,25:00,,,,,,,,,,,,,,,,,,,,,,,,Mina Hess,
,,,,,,,,,,,,,,,,,,,,,,,,,,,,,,,,,,,,18:15,,,,,,,,,,,,,,,,,,,,,,,,Otis Johnson,
,,,,,,,,,,,,,,,,,,,,,,,,,,,,,,,,,,,,18:15,,,,,,,,,,,,,,,,,,,,,,,,Lia Dewan,
,,,,,,,,,,,,,,,,,,,,,,,,,,,,,,,,,,,,18:15,,,,,,,,,,,,,,,,,,,,,,,,Chantelle Fusilier,
,,,,,,,,,,,,,,,,,,,,,,,,,,,,,,,,,,,,17:30,,,,,,,,,,,,,,,,,,,,,,,,Ivan Hess,
,,,,,,,,,,,,,,,,,,,,,,,,,,,,,,,,,,,,17:30,,,,,,,,,,,,,,,,,,,,,,,,Liam Walsh,
,,,,,,,,,,,,,,,,,,,,,,,,,,,,,,,,,,,,15:45,,,,,,,,,,,,,,,,,,,,,,,,Father Francis Delgado,
,,,,,,,,,,,,,,,,,,,,,,,,,,,,,,,,,,,,10:15,,,,,,,,,,,,,,,,,,,,,,,,Duane Porter,
,,,,,,,,,,,,,,,,,,,,,,,,,,,,,,,,,,,,8:15,,,,,,,,,,,,,,,,,,,,,,,,Nathan Bowen,
,,,,,,,,,,,,,,,,,,,,,,,,,,,,,,,,,,,,8:15,,,,,,,,,,,,,,,,,,,,,,,,Peter Scarborough,
,,,,,,,,,,,,,,,,,,,,,,,,,,,,,,,,,,,,6:00,,,,,,,,,,,,,,,,,,,,,,,,Greg Pressfield,
,,,,,,,,,,,,,,,,,,,,,,,,,,,,,,,,,,,,6:00,,,,,,,,,,,,,,,,,,,,,,,,Officer Kenneth Fuchs,
,,,,,,,,,,,,,,,,,,,,,,,,,,,,,,,,,,,,5:30,,,,,,,,,,,,,,,,,,,,,,,,Del,
,,,,,,,,,,,,,,,,,,,,,,,,,,,,,,,,,,,,4:45,,,,,,,,,,,,,,,,,,,,,,,,Rick Cotton,
,,,,,,,,,,,,,,,,,,,,,,,,,,,,,,,,,,,,4:00,,,,,,,,,,,,,,,,,,,,,,,,Billy Johnson,
,,,,,,,,,,,,,,,,,,,,,,,,,,,,,,,,,,,,,12:45,,,,,,,,,,,,,,,,,,,,,,,Ava Starr,Ghost
,,,,,,,,,,,,,,,,,,,,,,,,,,,,,,,,,,,,,8:30,,,,,,,,,,,,,,,,,,,,,,,Dr. Bill Foster,
,,,,,,,,,,,,,,,,,,,,,,,,,,,,,,,,,,,,,7:00,,,,,,,,,,,,,,,,,,,,,,,Sonny Burch,
,,,,,,,,,,,,,,,,,,,,,,,,,,,,,,,,,,,,,5:30,,,,,,,,,,,,,,,,,,,,,,,Agent James Woo,
,,,,,,,,,,,,,,,,,,,,,,,,,,,,,,,,,,,,,3:00,,,,,,,,,,,,,,,,,,,,,,,Uzman,
,,,,,,,,,,,,,,,,,,,,,,,,,,,,,,,,,,,,,1:45,,,,,,,,,,,,,,,,,,,,,,,Anitolov,
,,,,,,,,,,,,,,,,,,,,,,,,,,,,,,,,,,,,,:30,,,,,,,,,,,,,,,,,,,,,,,Elihas Starr,
,,,,,,,,,,,,,,,,,,,,,,,,,,,,,,,,,,,,,,65:00,6:00,,,1:15,,,,,6:15,:15,,,,,,:15,,,,,,Carol Danvers,Vers
,,,,,,,,,,,,,,,,,,,,,,,,,,,,,,,,,,,,,,22:30,,,,,,,,,,,,,,,,,,,,,,Agent Nick Fury,
,,,,,,,,,,,,,,,,,,,,,,,,,,,,,,,,,,,,,,13:45,,8:45,,,,,,,,,,,,,,,,,,,,Talos,
,,,,,,,,,,,,,,,,,,,,,,,,,,,,,,,,,,,,,,11:45,,,,:15,,,,,,,,,,,,,,,,,,Yon-Rogg,
,,,,,,,,,,,,,,,,,,,,,,,,,,,,,,,,,,,,,,11:00,,,,,,,,,,,,,,,2:15,,,,,,,Maria Rambeau,
,,,,,,,,,,,,,,,,,,,,,,,,,,,,,,,,,,,,,,4:45,,,,:30,37:45,,,,,,,,,,,,,,,,,Monica Rambeau,
,,,,,,,,,,,,,,,,,,,,,,,,,,,,,,,,,,,,,,4:45,,,,,,,,,,,,,,,,,,,,,,Goose,
,,,,,,,,,,,,,,,,,,,,,,,,,,,,,,,,,,,,,,3:30,,,,,,,,,,,,,,,,,,,,,,Mar-Vell,Dr. Wendy Lawson
,,,,,,,,,,,,,,,,,,,,,,,,,,,,,,,,,,,,,,3:30,,,,,,,,,,,,,,,,,,,,,,Kree Supreme Intelligence,
,,,,,,,,,,,,,,,,,,,,,,,,,,,,,,,,,,,,,,3:30,,,,,,,,,,,,,,,,,,,,,,Minn-Erva,
,,,,,,,,,,,,,,,,,,,,,,,,,,,,,,,,,,,,,,2:30,,,,,,,,,,,,,,,,,,,,,,Att-Lass,
,,,,,,,,,,,,,,,,,,,,,,,,,,,,,,,,,,,,,,2:15,,,,,,,,,,,,,,,,,,,,,,Bron-Char,
,,,,,,,,,,,,,,,,,,,,,,,,,,,,,,,,,,,,,,2:00,,3:30,,,,,,,,,,,,,,,,,,,,Soren,
,,,,,,,,,,,,,,,,,,,,,,,,,,,,,,,,,,,,,,,9:15,,,1:45,,1:45,,,,,,,,,,,,,,,,"James ""Rhodey"" Rhodes",War Machine
,,,,,,,,,,,,,,,,,,,,,,,,,,,,,,,,,,,,,,,3:15,,,,,,,,,,,,,,,,,,,,,Morgan Stark,
,,,,,,,,,,,,,,,,,,,,,,,,,,,,,,,,,,,,,,,1:30,,,:30,,,,,,,,5:30,,,,,,,,,,Lila Barton,
,,,,,,,,,,,,,,,,,,,,,,,,,,,,,,,,,,,,,,,1:15,,,:15,,,,,,,,,,,,,,,,,,Akihiko,
,,,,,,,,,,,,,,,,,,,,,,,,,,,,,,,,,,,,,,,:45,,,,,,,,,,,,,,,,,,,,,Agent Brock Rumlow,
,,,,,,,,,,,,,,,,,,,,,,,,,,,,,,,,,,,,,,,:45,,,:30,,,,,,,,4:00,,,,,,,,,,Cooper Barton,
,,,,,,,,,,,,,,,,,,,,,,,,,,,,,,,,,,,,,,,:45,,,:15,,,,,,,,4:00,,,,,,,,,,Nathaniel Barton,
,,,,,,,,,,,,,,,,,,,,,,,,,,,,,,,,,,,,,,,:15,,,,,,,,2:00,,,,,,,,,,,19:45,,Queen Ramonda,
,,,,,,,,,,,,,,,,,,,,,,,,,,,,,,,,,,,,,,,,21:15,,,,,,,,,,,,,,,,,,,,Quentin Beck,Mysterio
,,,,,,,,,,,,,,,,,,,,,,,,,,,,,,,,,,,,,,,,5:45,,,,,,,,,,,,,,,,,,,,Brad Davis,
,,,,,,,,,,,,,,,,,,,,,,,,,,,,,,,,,,,,,,,,4:15,,,,,,,,,,,:30,,,,,,,,,Julius Dell,
,,,,,,,,,,,,,,,,,,,,,,,,,,,,,,,,,,,,,,,,3:30,,,,,,,,,,,,,,,,,,,,Josh,
,,,,,,,,,,,,,,,,,,,,,,,,,,,,,,,,,,,,,,,,3:15,,,,,,,,,,,,,,,,,,,,Zoha,
,,,,,,,,,,,,,,,,,,,,,,,,,,,,,,,,,,,,,,,,3:00,,,,,,,,,,,,,,,,,,,,Zach,
,,,,,,,,,,,,,,,,,,,,,,,,,,,,,,,,,,,,,,,,3:00,,,,,,,,,,,,,,,,,,,,Tyler,
,,,,,,,,,,,,,,,,,,,,,,,,,,,,,,,,,,,,,,,,2:45,,,,,,,,,,,,,,,,,,,,Sebastian,
,,,,,,,,,,,,,,,,,,,,,,,,,,,,,,,,,,,,,,,,2:45,,,,,,,,,,,,,,,,,,,,Yasmin,
,,,,,,,,,,,,,,,,,,,,,,,,,,,,,,,,,,,,,,,,1:30,,,,,,,,,,,,,,,,,,,,Dimitri,
,,,,,,,,,,,,,,,,,,,,,,,,,,,,,,,,,,,,,,,,:15,,,,,,,,,,,1:45,,,,,,,,,J. Jonah Jameson,
,,,,,,,,,,,,,,,,,,,,,,,,,,,,,,,,,,,,,,,,,143:15,,,,,,,,,,,,,,,,,,,Daimon Helstrom,
,,,,,,,,,,,,,,,,,,,,,,,,,,,,,,,,,,,,,,,,,133:15,,,,,,,,,,,,,,,,,,,Ana Helstrom,
,,,,,,,,,,,,,,,,,,,,,,,,,,,,,,,,,,,,,,,,,99:45,,,,,,,,,,,,,,,,,,,Gabriella Rosetti,
,,,,,,,,,,,,,,,,,,,,,,,,,,,,,,,,,,,,,,,,,67:15,,,,,,,,,,,,,,,,,,,Victoria Helstrom,
,,,,,,,,,,,,,,,,,,,,,,,,,,,,,,,,,,,,,,,,,60:00,,,,,,,,,,,,,,,,,,,Dr. Louise Hastings,
,,,,,,,,,,,,,,,,,,,,,,,,,,,,,,,,,,,,,,,,,46:30,,,,,,,,,,,,,,,,,,,Caretaker,
,,,,,,,,,,,,,,,,,,,,,,,,,,,,,,,,,,,,,,,,,42:30,,,,,,,,,,,,,,,,,,,Kthara,Lilith
,,,,,,,,,,,,,,,,,,,,,,,,,,,,,,,,,,,,,,,,,33:30,,,,,,,,,,,,,,,,,,,Chris Yen,
,,,,,,,,,,,,,,,,,,,,,,,,,,,,,,,,,,,,,,,,,26:45,,,,,,,,,,,,,,,,,,,Basar,
,,,,,,,,,,,,,,,,,,,,,,,,,,,,,,,,,,,,,,,,,12:45,,,,,,,,,,,,,,,,,,,Magoth,
,,,,,,,,,,,,,,,,,,,,,,,,,,,,,,,,,,,,,,,,,12:45,,,,,,,,,,,,,,,,,,,Keith Spivey,
,,,,,,,,,,,,,,,,,,,,,,,,,,,,,,,,,,,,,,,,,9:30,,,,,,,,,,,,,,,,,,,Esther Smith,
,,,,,,,,,,,,,,,,,,,,,,,,,,,,,,,,,,,,,,,,,8:30,,,,,,,,,,,,,,,,,,,Raum,
,,,,,,,,,,,,,,,,,,,,,,,,,,,,,,,,,,,,,,,,,8:30,,,,,,,,,,,,,,,,,,,Father Joshua Crow,
,,,,,,,,,,,,,,,,,,,,,,,,,,,,,,,,,,,,,,,,,8:30,,,,,,,,,,,,,,,,,,,Bryce,
,,,,,,,,,,,,,,,,,,,,,,,,,,,,,,,,,,,,,,,,,7:15,,,,,,,,,,,,,,,,,,,Derrick Jackson,
,,,,,,,,,,,,,,,,,,,,,,,,,,,,,,,,,,,,,,,,,7:00,,,,,,,,,,,,,,,,,,,Finn Miller,
,,,,,,,,,,,,,,,,,,,,,,,,,,,,,,,,,,,,,,,,,6:45,,,,,,,,,,,,,,,,,,,Alex Tilden,
,,,,,,,,,,,,,,,,,,,,,,,,,,,,,,,,,,,,,,,,,2:45,,,,,,,,,,,,,,,,,,,"""Papa""",
,,,,,,,,,,,,,,,,,,,,,,,,,,,,,,,,,,,,,,,,,,6:15,,,,,6:30,,,,,,,,,,,,,Loki Laufeyson,
,,,,,,,,,,,,,,,,,,,,,,,,,,,,,,,,,,,,,,,,,,4:30,,,,,18:45,,,,,,,,55:00,,,,,Thor Odinson,
,,,,,,,,,,,,,,,,,,,,,,,,,,,,,,,,,,,,,,,,,,1:00,36:00,,,,,,,,,,,,,,,,,Agatha Harkness,
,,,,,,,,,,,,,,,,,,,,,,,,,,,,,,,,,,,,,,,,,,:45,,,,:45,,,,,,,,,,,,,,Thaddeus Ross,
,,,,,,,,,,,,,,,,,,,,,,,,,,,,,,,,,,,,,,,,,,:45,,,,,,63:00,,,,,,,,,,,,Xu Shang-Chi,
,,,,,,,,,,,,,,,,,,,,,,,,,,,,,,,,,,,,,,,,,,:30,,,,,:45,,,,,,,,,,,,,Odin Allfather,
,,,,,,,,,,,,,,,,,,,,,,,,,,,,,,,,,,,,,,,,,,:30,,,,,,31:15,,,,,,,,,,,,Katy Chen,
,,,,,,,,,,,,,,,,,,,,,,,,,,,,,,,,,,,,,,,,,,:30,,,,,,3:30,,,,,,,,,,,,Soo,
,,,,,,,,,,,,,,,,,,,,,,,,,,,,,,,,,,,,,,,,,,:30,17:30,,,,,,,,,,2:15,,,,,,,Tommy Maximoff,
,,,,,,,,,,,,,,,,,,,,,,,,,,,,,,,,,,,,,,,,,,:30,17:00,,,,,,,,,,2:15,,,,,,,Billy Maximoff,
,,,,,,,,,,,,,,,,,,,,,,,,,,,,,,,,,,,,,,,,,,:15,,,,,,,,,,,,,,,,,,Ronan the Accuser,
,,,,,,,,,,,,,,,,,,,,,,,,,,,,,,,,,,,,,,,,,,:15,,,x:00,,,,,,,,,,,,,,,Phil Coulson,
,,,,,,,,,,,,,,,,,,,,,,,,,,,,,,,,,,,,,,,,,,:15,,,,,,27:00,,,,,,,,,,,,Xu Wenwu,
,,,,,,,,,,,,,,,,,,,,,,,,,,,,,,,,,,,,,,,,,,:15,,,,,,,,,,,,,,,,,,Jackson Norris,
,,,,,,,,,,,,,,,,,,,,,,,,,,,,,,,,,,,,,,,,,,:15,,,,41:00,,,,19:00,,,,,,,,,,Yelena Belova,
,,,,,,,,,,,,,,,,,,,,,,,,,,,,,,,,,,,,,,,,,,:15,19:00,,,,,,,,,,,,,,,,,Jimmy Woo,
,,,,,,,,,,,,,,,,,,,,,,,,,,,,,,,,,,,,,,,,,,:15,,,,,,,,,,,,,,,,,,Tyler Hayward,
,,,,,,,,,,,,,,,,,,,,,,,,,,,,,,,,,,,,,,,,,,,18:45,,,,,,,,,,,,1:00,,,,,Dr. Darcy Lewis,
,,,,,,,,,,,,,,,,,,,,,,,,,,,,,,,,,,,,,,,,,,,13:15,,,,,,,,,,,,,,,,,Director Tyler Hayward,
,,,,,,,,,,,,,,,,,,,,,,,,,,,,,,,,,,,,,,,,,,,8:00,,,,,,,,,,,,,,,,,Ralph Boehner,"""Pietro Maximoff"""
,,,,,,,,,,,,,,,,,,,,,,,,,,,,,,,,,,,,,,,,,,,5:30,,,,,,,,,,,,,,,,,Sharon Davis,"""Mrs. Hart"""
,,,,,,,,,,,,,,,,,,,,,,,,,,,,,,,,,,,,,,,,,,,5:30,,,,,,,,,,,,,,,,,"""Mr. Hart",
,,,,,,,,,,,,,,,,,,,,,,,,,,,,,,,,,,,,,,,,,,,5:15,,,,,,,,,,,,,,,,,John Collins,"""Herb"""
,,,,,,,,,,,,,,,,,,,,,,,,,,,,,,,,,,,,,,,,,,,5:00,,,,,,,,,,,,,,,,,Abilash Tandon,"""Norm"""
,,,,,,,,,,,,,,,,,,,,,,,,,,,,,,,,,,,,,,,,,,,4:45,,,,,,,,,,,,,,,,,Sarah Proctor,"""Dottie"""
,,,,,,,,,,,,,,,,,,,,,,,,,,,,,,,,,,,,,,,,,,,3:15,,,,,,,,,,,,,,,,,Agent Rodriguez,
,,,,,,,,,,,,,,,,,,,,,,,,,,,,,,,,,,,,,,,,,,,2:30,,,,,,,,,,,,,,,,,Harold Proctor,"""Phil"""
,,,,,,,,,,,,,,,,,,,,,,,,,,,,,,,,,,,,,,,,,,,2:15,,,,,,,,,,,,,,,,,Isabel Matsueda,"""Beverly"""
,,,,,,,,,,,,,,,,,,,,,,,,,,,,,,,,,,,,,,,,,,,1:30,,,,,,,,,,,,,,,,,Sparky,
,,,,,,,,,,,,,,,,,,,,,,,,,,,,,,,,,,,,,,,,,,,1:00,,,,,,,,,,,,,,,,,Iryan Maximoff,
,,,,,,,,,,,,,,,,,,,,,,,,,,,,,,,,,,,,,,,,,,,1:00,,,,,,,,,,,,,,,,,Olek Maximoff,
,,,,,,,,,,,,,,,,,,,,,,,,,,,,,,,,,,,,,,,,,,,,37:00,,,,,,,,,,,,,,,,John Walker,Captain America
,,,,,,,,,,,,,,,,,,,,,,,,,,,,,,,,,,,,,,,,,,,,27:00,,,,,,,,,,,,,,,,Karli Morgenthau,
,,,,,,,,,,,,,,,,,,,,,,,,,,,,,,,,,,,,,,,,,,,,20:45,,,,,,,,,,,,,,,,Baron Helmut Zemo,
,,,,,,,,,,,,,,,,,,,,,,,,,,,,,,,,,,,,,,,,,,,,11:45,,,,,,,,,,,,,,,,Sarah Wilson,
,,,,,,,,,,,,,,,,,,,,,,,,,,,,,,,,,,,,,,,,,,,,11:00,,,,,,,,,,,,,,,,Lemar Hoskins,Battlestar
,,,,,,,,,,,,,,,,,,,,,,,,,,,,,,,,,,,,,,,,,,,,8:45,,,,,,,,,,,,,,,,Isaiah Bradley,
,,,,,,,,,,,,,,,,,,,,,,,,,,,,,,,,,,,,,,,,,,,,8:00,,,,,,,,,,,,,,,,Dovich,
,,,,,,,,,,,,,,,,,,,,,,,,,,,,,,,,,,,,,,,,,,,,7:30,,,,,,,,,,,,,,,,Joaquin Torres,
,,,,,,,,,,,,,,,,,,,,,,,,,,,,,,,,,,,,,,,,,,,,5:30,,,,,,,,,,,,,,,,Dr. Christina Raynor,
,,,,,,,,,,,,,,,,,,,,,,,,,,,,,,,,,,,,,,,,,,,,4:30,,,,,,,,,,,,,,,,Olivia Walker,
,,,,,,,,,,,,,,,,,,,,,,,,,,,,,,,,,,,,,,,,,,,,3:00,,,,,,,,,,,,,,,,Contessa Valentina Allegra de Fontaine,
,,,,,,,,,,,,,,,,,,,,,,,,,,,,,,,,,,,,,,,,,,,,2:15,,,,,,,,,,,,,,,,Eli Bradley,
,,,,,,,,,,,,,,,,,,,,,,,,,,,,,,,,,,,,,,,,,,,,,160:45,,,,,,,,,,,,,,,all Loki variants total,
,,,,,,,,,,,,,,,,,,,,,,,,,,,,,,,,,,,,,,,,,,,,,73:15,,,,,,,,,,,,,,,Sylvie,
,,,,,,,,,,,,,,,,,,,,,,,,,,,,,,,,,,,,,,,,,,,,,57:00,,,,,,,,,,,,,,,Mobius,
,,,,,,,,,,,,,,,,,,,,,,,,,,,,,,,,,,,,,,,,,,,,,22:15,,,,,,,,,,,,,,,Judge Renslayer,
,,,,,,,,,,,,,,,,,,,,,,,,,,,,,,,,,,,,,,,,,,,,,19:30,,,,,,,,,,,,,,,Hunter B-15,
,,,,,,,,,,,,,,,,,,,,,,,,,,,,,,,,,,,,,,,,,,,,,14:30,,,,,,,,,,,,,,,"""He Who Remains""",
,,,,,,,,,,,,,,,,,,,,,,,,,,,,,,,,,,,,,,,,,,,,,9:30,,,,,,,,,,,,,,,Classic Loki,
,,,,,,,,,,,,,,,,,,,,,,,,,,,,,,,,,,,,,,,,,,,,,6:00,,,,,,,,,,,,,,,Kid Loki,
,,,,,,,,,,,,,,,,,,,,,,,,,,,,,,,,,,,,,,,,,,,,,4:00,,,,,,,,,,,,,,,Hunter C-20,
,,,,,,,,,,,,,,,,,,,,,,,,,,,,,,,,,,,,,,,,,,,,,3:45,,,,,,,,,,,,,,,Miss Minutes,
,,,,,,,,,,,,,,,,,,,,,,,,,,,,,,,,,,,,,,,,,,,,,3:15,,,,,,,,,,,,,,,Black Loki,
,,,,,,,,,,,,,,,,,,,,,,,,,,,,,,,,,,,,,,,,,,,,,2:45,,,,,,,,,,,,,,,Gator Loki,
,,,,,,,,,,,,,,,,,,,,,,,,,,,,,,,,,,,,,,,,,,,,,2:30,,,,,,,,,,,,,,,Casey,
,,,,,,,,,,,,,,,,,,,,,,,,,,,,,,,,,,,,,,,,,,,,,1:00,,,,,,,,,,,,,,,President Loki,
,,,,,,,,,,,,,,,,,,,,,,,,,,,,,,,,,,,,,,,,,,,,,1:00,,,,,,,,,,,,,,,Bruce Banner,The Hulk
,,,,,,,,,,,,,,,,,,,,,,,,,,,,,,,,,,,,,,,,,,,,,,24:15,,,,,,,,,,,,,,Alexei Shostakov,
,,,,,,,,,,,,,,,,,,,,,,,,,,,,,,,,,,,,,,,,,,,,,,20:45,,,,,,,,,,,,,,Melina Vostkoff,
,,,,,,,,,,,,,,,,,,,,,,,,,,,,,,,,,,,,,,,,,,,,,,10:15,,,,,,,,,,,,,,General Viktor Dreykov,
,,,,,,,,,,,,,,,,,,,,,,,,,,,,,,,,,,,,,,,,,,,,,,9:30,,,,,,,,,,,,,,Antonia Dreykov,Taskmaster
,,,,,,,,,,,,,,,,,,,,,,,,,,,,,,,,,,,,,,,,,,,,,,3:45,,,,,,,,,,,,,,Rick Mason,
,,,,,,,,,,,,,,,,,,,,,,,,,,,,,,,,,,,,,,,,,,,,,,1:30,,,,,,,,,,,,,,Lerato,
,,,,,,,,,,,,,,,,,,,,,,,,,,,,,,,,,,,,,,,,,,,,,,1:30,,,,,,,,,,,,,,Ingrid,
,,,,,,,,,,,,,,,,,,,,,,,,,,,,,,,,,,,,,,,,,,,,,,1:15,,,,,,,,,,,,,,Oksana,
,,,,,,,,,,,,,,,,,,,,,,,,,,,,,,,,,,,,,,,,,,,,,,1:00,,,,,,,,,,,,,,Contessa Valentina de Fontaine,
,,,,,,,,,,,,,,,,,,,,,,,,,,,,,,,,,,,,,,,,,,,,,,,22:15,,,,,,2:00,,,,,,,Captain Peggy Carter,
,,,,,,,,,,,,,,,,,,,,,,,,,,,,,,,,,,,,,,,,,,,,,,,22:00,,,,,,,,,,,,,T'Challa,Star-Lord
,,,,,,,,,,,,,,,,,,,,,,,,,,,,,,,,,,,,,,,,,,,,,,,16:30,,,,,,,,,,,,,"Erik ""Killmonger"" Stevens",Black Panther
,,,,,,,,,,,,,,,,,,,,,,,,,,,,,,,,,,,,,,,,,,,,,,,12:30,,,,,,,,,,,,,The Watcher,
,,,,,,,,,,,,,,,,,,,,,,,,,,,,,,,,,,,,,,,,,,,,,,,2:15,,,,,,,,,,,,,O'Bengh,
,,,,,,,,,,,,,,,,,,,,,,,,,,,,,,,,,,,,,,,,,,,,,,,1:30,,,,,,,,,,,,,Col. John Flynn,
,,,,,,,,,,,,,,,,,,,,,,,,,,,,,,,,,,,,,,,,,,,,,,,1:30,,,,,,,,,,,,,"Gen. Thaddeus ""Thunderbolt"" Ross",
,,,,,,,,,,,,,,,,,,,,,,,,,,,,,,,,,,,,,,,,,,,,,,,1:15,,,,,,,,,,,,,Howard the Duck,
,,,,,,,,,,,,,,,,,,,,,,,,,,,,,,,,,,,,,,,,,,,,,,,1:00,,,,,,,,,,,,,Pvt. James Montgomery Falsworth,
,,,,,,,,,,,,,,,,,,,,,,,,,,,,,,,,,,,,,,,,,,,,,,,:45,,,,,,,,,,,,,Proxmia Midnight,
,,,,,,,,,,,,,,,,,,,,,,,,,,,,,,,,,,,,,,,,,,,,,,,x:00,,,,,,,,,,,,,King Laufey,
,,,,,,,,,,,,,,,,,,,,,,,,,,,,,,,,,,,,,,,,,,,,,,,,22:00,,,,,,,,,,,,Xu Xialing,
,,,,,,,,,,,,,,,,,,,,,,,,,,,,,,,,,,,,,,,,,,,,,,,,7:45,,,,,,,,,,,,Ying Nan,
,,,,,,,,,,,,,,,,,,,,,,,,,,,,,,,,,,,,,,,,,,,,,,,,6:30,,,,,,,,,,,,Ying Li,
,,,,,,,,,,,,,,,,,,,,,,,,,,,,,,,,,,,,,,,,,,,,,,,,6:00,,,,,,,,,,,,Razor Fist,
,,,,,,,,,,,,,,,,,,,,,,,,,,,,,,,,,,,,,,,,,,,,,,,,5:15,,,,,,,,,,,,Morris,
,,,,,,,,,,,,,,,,,,,,,,,,,,,,,,,,,,,,,,,,,,,,,,,,4:15,,,,,,,,,,,,The Great Protector,
,,,,,,,,,,,,,,,,,,,,,,,,,,,,,,,,,,,,,,,,,,,,,,,,3:45,,,,,,,,,,,,The Dweller in Darkness,
,,,,,,,,,,,,,,,,,,,,,,,,,,,,,,,,,,,,,,,,,,,,,,,,2:30,,,,,,,,,,,,John,
,,,,,,,,,,,,,,,,,,,,,,,,,,,,,,,,,,,,,,,,,,,,,,,,2:30,,,,,,,,,,,,Jon Jon,
,,,,,,,,,,,,,,,,,,,,,,,,,,,,,,,,,,,,,,,,,,,,,,,,2:15,,,,,,,,,,,,Death Dealer,
,,,,,,,,,,,,,,,,,,,,,,,,,,,,,,,,,,,,,,,,,,,,,,,,1:45,,,,,,,,,,,,Master Guang Bo,
,,,,,,,,,,,,,,,,,,,,,,,,,,,,,,,,,,,,,,,,,,,,,,,,,46:15,,,,,,,,,,,Sersi,
,,,,,,,,,,,,,,,,,,,,,,,,,,,,,,,,,,,,,,,,,,,,,,,,,34:30,,,,,,,,,,,Ikaris,
,,,,,,,,,,,,,,,,,,,,,,,,,,,,,,,,,,,,,,,,,,,,,,,,,19:15,,,,,,,,,,,Thena,
,,,,,,,,,,,,,,,,,,,,,,,,,,,,,,,,,,,,,,,,,,,,,,,,,17:30,,,,,,,,,,,Sprite,
,,,,,,,,,,,,,,,,,,,,,,,,,,,,,,,,,,,,,,,,,,,,,,,,,15:15,,,,,,,,,,,Kingo,
,,,,,,,,,,,,,,,,,,,,,,,,,,,,,,,,,,,,,,,,,,,,,,,,,15:15,,,,,,,,,,,Phastos,
,,,,,,,,,,,,,,,,,,,,,,,,,,,,,,,,,,,,,,,,,,,,,,,,,11:15,,,,,,,,,,,Druig,
,,,,,,,,,,,,,,,,,,,,,,,,,,,,,,,,,,,,,,,,,,,,,,,,,10:30,,,,,,,,,,,Ajak,
,,,,,,,,,,,,,,,,,,,,,,,,,,,,,,,,,,,,,,,,,,,,,,,,,10:00,,,,,,,,,,,Makkari,
,,,,,,,,,,,,,,,,,,,,,,,,,,,,,,,,,,,,,,,,,,,,,,,,,9:15,,,,,,,,,,,Gilgamesh,
,,,,,,,,,,,,,,,,,,,,,,,,,,,,,,,,,,,,,,,,,,,,,,,,,8:45,,,,,,,,,,,Dane Whitman,
,,,,,,,,,,,,,,,,,,,,,,,,,,,,,,,,,,,,,,,,,,,,,,,,,7:00,,,,,,,,,,,Kro,
,,,,,,,,,,,,,,,,,,,,,,,,,,,,,,,,,,,,,,,,,,,,,,,,,6:00,,,,,,,,,,,Karun,
,,,,,,,,,,,,,,,,,,,,,,,,,,,,,,,,,,,,,,,,,,,,,,,,,3:00,,,,,,,,,,,Tiamut,
,,,,,,,,,,,,,,,,,,,,,,,,,,,,,,,,,,,,,,,,,,,,,,,,,2:00,,,,,,,,,,,Jack,
,,,,,,,,,,,,,,,,,,,,,,,,,,,,,,,,,,,,,,,,,,,,,,,,,1:45,,,,,,,,,,,Arishem,
,,,,,,,,,,,,,,,,,,,,,,,,,,,,,,,,,,,,,,,,,,,,,,,,,1:00,,,,,,,,,,,Pip the Troll,
,,,,,,,,,,,,,,,,,,,,,,,,,,,,,,,,,,,,,,,,,,,,,,,,,:45,,,,,,,,,,,Eros,Starfox
,,,,,,,,,,,,,,,,,,,,,,,,,,,,,,,,,,,,,,,,,,,,,,,,,,110:15,,,,,,,,,,Kate Bishop,Hawkeye
,,,,,,,,,,,,,,,,,,,,,,,,,,,,,,,,,,,,,,,,,,,,,,,,,,22:30,,,,,,,,,,Eleanor Bishop,
,,,,,,,,,,,,,,,,,,,,,,,,,,,,,,,,,,,,,,,,,,,,,,,,,,21:00,,,,,,,,,,Maya Lopez,Echo
,,,,,,,,,,,,,,,,,,,,,,,,,,,,,,,,,,,,,,,,,,,,,,,,,,14:30,,,,,,,,,,Kazi Kazimierczak,
,,,,,,,,,,,,,,,,,,,,,,,,,,,,,,,,,,,,,,,,,,,,,,,,,,12:45,,,,,,,,,,Jack Duquesne,
,,,,,,,,,,,,,,,,,,,,,,,,,,,,,,,,,,,,,,,,,,,,,,,,,,7:45,,,,,,,,,,Ivan,
,,,,,,,,,,,,,,,,,,,,,,,,,,,,,,,,,,,,,,,,,,,,,,,,,,7:00,,,,,,,,,,Tomas,
,,,,,,,,,,,,,,,,,,,,,,,,,,,,,,,,,,,,,,,,,,,,,,,,,,6:00,,,,,,,,,,Lucky the Pizza Dog,
,,,,,,,,,,,,,,,,,,,,,,,,,,,,,,,,,,,,,,,,,,,,,,,,,,6:00,,,,,,,,,,Grills,
,,,,,,,,,,,,,,,,,,,,,,,,,,,,,,,,,,,,,,,,,,,,,,,,,,4:30,,,,,,,,,,Armand Duquesne,
,,,,,,,,,,,,,,,,,,,,,,,,,,,,,,,,,,,,,,,,,,,,,,,,,,4:00,,,,,,,,,,Missy,
,,,,,,,,,,,,,,,,,,,,,,,,,,,,,,,,,,,,,,,,,,,,,,,,,,4:00,,,,,,,,,,Enrique,
,,,,,,,,,,,,,,,,,,,,,,,,,,,,,,,,,,,,,,,,,,,,,,,,,,2:45,,,,,,,,,,William Lopez,
,,,,,,,,,,,,,,,,,,,,,,,,,,,,,,,,,,,,,,,,,,,,,,,,,,2:15,,,,,,,,,,Wendy,
,,,,,,,,,,,,,,,,,,,,,,,,,,,,,,,,,,,,,,,,,,,,,,,,,,1:45,,,,,,,,,,Orville,
,,,,,,,,,,,,,,,,,,,,,,,,,,,,,,,,,,,,,,,,,,,,,,,,,,1:15,,,,,,,,,,Derek Bishop,
,,,,,,,,,,,,,,,,,,,,,,,,,,,,,,,,,,,,,,,,,,,,,,,,,,,27:15,,,,,,,,,"Michelle ""MJ"" Jones Watson",
,,,,,,,,,,,,,,,,,,,,,,,,,,,,,,,,,,,,,,,,,,,,,,,,,,,9:15,,,,,,,,,Norman Osborn,Green Goblin
,,,,,,,,,,,,,,,,,,,,,,,,,,,,,,,,,,,,,,,,,,,,,,,,,,,9:15,,,,,,,,,Dr. Otto Octavius,Doctor Octopus
,,,,,,,,,,,,,,,,,,,,,,,,,,,,,,,,,,,,,,,,,,,,,,,,,,,7:15,,,,,,,,,Max Dillon,Electro
,,,,,,,,,,,,,,,,,,,,,,,,,,,,,,,,,,,,,,,,,,,,,,,,,,,3:30,,,,,,,,,Flint Marko,Sandman
,,,,,,,,,,,,,,,,,,,,,,,,,,,,,,,,,,,,,,,,,,,,,,,,,,,3:15,,,,,,,,,Dr. Curt Connors,Lizard
,,,,,,,,,,,,,,,,,,,,,,,,,,,,,,,,,,,,,,,,,,,,,,,,,,,1:30,,,,,,,,,Eddie Brock,
,,,,,,,,,,,,,,,,,,,,,,,,,,,,,,,,,,,,,,,,,,,,,,,,,,,,175:30,,,,,,,,Marc Spector,Steven Grant
,,,,,,,,,,,,,,,,,,,,,,,,,,,,,,,,,,,,,,,,,,,,,,,,,,,,53:15,,,,,,,,Layla Al-Faouly,
,,,,,,,,,,,,,,,,,,,,,,,,,,,,,,,,,,,,,,,,,,,,,,,,,,,,39:00,,,,,,,,Arthur Harrow,
,,,,,,,,,,,,,,,,,,,,,,,,,,,,,,,,,,,,,,,,,,,,,,,,,,,,10:45,,,,,,,,Khonshu,
,,,,,,,,,,,,,,,,,,,,,,,,,,,,,,,,,,,,,,,,,,,,,,,,,,,,5:45,,,,,,,,Taweret,
,,,,,,,,,,,,,,,,,,,,,,,,,,,,,,,,,,,,,,,,,,,,,,,,,,,,5:00,,,,,,,,Bobbi Fitzgerald,
,,,,,,,,,,,,,,,,,,,,,,,,,,,,,,,,,,,,,,,,,,,,,,,,,,,,4:45,,,,,,,,Selim,
,,,,,,,,,,,,,,,,,,,,,,,,,,,,,,,,,,,,,,,,,,,,,,,,,,,,4:15,,,,,,,,Ammit,
,,,,,,,,,,,,,,,,,,,,,,,,,,,,,,,,,,,,,,,,,,,,,,,,,,,,3:30,,,,,,,,Barry Kennedy,
,,,,,,,,,,,,,,,,,,,,,,,,,,,,,,,,,,,,,,,,,,,,,,,,,,,,3:15,,,,,,,,Anton Mogart,
,,,,,,,,,,,,,,,,,,,,,,,,,,,,,,,,,,,,,,,,,,,,,,,,,,,,2:45,,,,,,,,Yatzil,
,,,,,,,,,,,,,,,,,,,,,,,,,,,,,,,,,,,,,,,,,,,,,,,,,,,,2:15,,,,,,,,Elias Spector,
,,,,,,,,,,,,,,,,,,,,,,,,,,,,,,,,,,,,,,,,,,,,,,,,,,,,1:45,,,,,,,,Wendy Spector,
,,,,,,,,,,,,,,,,,,,,,,,,,,,,,,,,,,,,,,,,,,,,,,,,,,,,1:15,,,,,,,,Randall Spector,
,,,,,,,,,,,,,,,,,,,,,,,,,,,,,,,,,,,,,,,,,,,,,,,,,,,,,26:00,,,,,,,America Chavez,
,,,,,,,,,,,,,,,,,,,,,,,,,,,,,,,,,,,,,,,,,,,,,,,,,,,,,4:30,,,,,,,Baron Karl Mordo,
,,,,,,,,,,,,,,,,,,,,,,,,,,,,,,,,,,,,,,,,,,,,,,,,,,,,,2:45,,,,,,,Gargantos,
,,,,,,,,,,,,,,,,,,,,,,,,,,,,,,,,,,,,,,,,,,,,,,,,,,,,,2:15,,,,,,,Professor Charles Xavier,
,,,,,,,,,,,,,,,,,,,,,,,,,,,,,,,,,,,,,,,,,,,,,,,,,,,,,1:30,,,,,,,Dr. Reed Richards,Mr. Fantastic
,,,,,,,,,,,,,,,,,,,,,,,,,,,,,,,,,,,,,,,,,,,,,,,,,,,,,1:30,,,,,,,Blackagar Boltagon,Black Bolt
,,,,,,,,,,,,,,,,,,,,,,,,,,,,,,,,,,,,,,,,,,,,,,,,,,,,,1:00,,,,,,,Pizza Poppa,
,,,,,,,,,,,,,,,,,,,,,,,,,,,,,,,,,,,,,,,,,,,,,,,,,,,,,1:00,,,,,,,Rintrah,
,,,,,,,,,,,,,,,,,,,,,,,,,,,,,,,,,,,,,,,,,,,,,,,,,,,,,:30,,,,,,,Sara,
,,,,,,,,,,,,,,,,,,,,,,,,,,,,,,,,,,,,,,,,,,,,,,,,,,,,,:30,,,,,,,Clea,
,,,,,,,,,,,,,,,,,,,,,,,,,,,,,,,,,,,,,,,,,,,,,,,,,,,,,:30,,,,,,,Elena Chavez,
,,,,,,,,,,,,,,,,,,,,,,,,,,,,,,,,,,,,,,,,,,,,,,,,,,,,,:30,,,,,,,Amalia Chavez,
,,,,,,,,,,,,,,,,,,,,,,,,,,,,,,,,,,,,,,,,,,,,,,,,,,,,,:15,,,,,,,Daniel Drumm,
,,,,,,,,,,,,,,,,,,,,,,,,,,,,,,,,,,,,,,,,,,,,,,,,,,,,,:15,,,,,,,Hamir,
,,,,,,,,,,,,,,,,,,,,,,,,,,,,,,,,,,,,,,,,,,,,,,,,,,,,,,131:45,,,,,,Kamala Khan,Ms. Marvel
,,,,,,,,,,,,,,,,,,,,,,,,,,,,,,,,,,,,,,,,,,,,,,,,,,,,,,37:15,,,,,,Bruno Carrelli,
,,,,,,,,,,,,,,,,,,,,,,,,,,,,,,,,,,,,,,,,,,,,,,,,,,,,,,26:15,,,,,,Muneeba Khan,
,,,,,,,,,,,,,,,,,,,,,,,,,,,,,,,,,,,,,,,,,,,,,,,,,,,,,,20:15,,,,,,Kamran,
,,,,,,,,,,,,,,,,,,,,,,,,,,,,,,,,,,,,,,,,,,,,,,,,,,,,,,17:45,,,,,,Yusuf Khan,
,,,,,,,,,,,,,,,,,,,,,,,,,,,,,,,,,,,,,,,,,,,,,,,,,,,,,,17:45,,,,,,Nakia Bahadir,
,,,,,,,,,,,,,,,,,,,,,,,,,,,,,,,,,,,,,,,,,,,,,,,,,,,,,,15:45,,,,,,Sana,
,,,,,,,,,,,,,,,,,,,,,,,,,,,,,,,,,,,,,,,,,,,,,,,,,,,,,,13:45,,,,,,Aisha,
,,,,,,,,,,,,,,,,,,,,,,,,,,,,,,,,,,,,,,,,,,,,,,,,,,,,,,11:30,,,,,,Najma,
,,,,,,,,,,,,,,,,,,,,,,,,,,,,,,,,,,,,,,,,,,,,,,,,,,,,,,11:00,,,,,,Kareem,Red Dagger
,,,,,,,,,,,,,,,,,,,,,,,,,,,,,,,,,,,,,,,,,,,,,,,,,,,,,,10:45,,,,,,Aamir Khan,
,,,,,,,,,,,,,,,,,,,,,,,,,,,,,,,,,,,,,,,,,,,,,,,,,,,,,,9:00,,,,,,Hasan,
,,,,,,,,,,,,,,,,,,,,,,,,,,,,,,,,,,,,,,,,,,,,,,,,,,,,,,6:45,,,,,,Zoe Zimmer,
,,,,,,,,,,,,,,,,,,,,,,,,,,,,,,,,,,,,,,,,,,,,,,,,,,,,,,6:30,,,,,,Agent Sadie Deever,
,,,,,,,,,,,,,,,,,,,,,,,,,,,,,,,,,,,,,,,,,,,,,,,,,,,,,,6:15,,,,,,Tyesha Hillman Khan,
,,,,,,,,,,,,,,,,,,,,,,,,,,,,,,,,,,,,,,,,,,,,,,,,,,,,,,4:45,,,,,,Sheikh Abdullah,
,,,,,,,,,,,,,,,,,,,,,,,,,,,,,,,,,,,,,,,,,,,,,,,,,,,,,,4:30,,,,,,Fariha,
,,,,,,,,,,,,,,,,,,,,,,,,,,,,,,,,,,,,,,,,,,,,,,,,,,,,,,3:45,,,,,,Waleed,
,,,,,,,,,,,,,,,,,,,,,,,,,,,,,,,,,,,,,,,,,,,,,,,,,,,,,,3:30,,,,,,Saleem,
,,,,,,,,,,,,,,,,,,,,,,,,,,,,,,,,,,,,,,,,,,,,,,,,,,,,,,3:00,,,,,,Aadam,
,,,,,,,,,,,,,,,,,,,,,,,,,,,,,,,,,,,,,,,,,,,,,,,,,,,,,,2:45,,,,,,Agent Cleary,
,,,,,,,,,,,,,,,,,,,,,,,,,,,,,,,,,,,,,,,,,,,,,,,,,,,,,,2:15,,,,,,Auntie Ruby,
,,,,,,,,,,,,,,,,,,,,,,,,,,,,,,,,,,,,,,,,,,,,,,,,,,,,,,2:00,,,,,,Gabe Wilson,
,,,,,,,,,,,,,,,,,,,,,,,,,,,,,,,,,,,,,,,,,,,,,,,,,,,,,,2:00,,,,,,Owais,
,,,,,,,,,,,,,,,,,,,,,,,,,,,,,,,,,,,,,,,,,,,,,,,,,,,,,,1:45,,,,,,Zainab,
,,,,,,,,,,,,,,,,,,,,,,,,,,,,,,,,,,,,,,,,,,,,,,,,,,,,,,1:45,,,,,,Uncle Rasheed,
,,,,,,,,,,,,,,,,,,,,,,,,,,,,,,,,,,,,,,,,,,,,,,,,,,,,,,1:00,,,,,,Miguel,
,,,,,,,,,,,,,,,,,,,,,,,,,,,,,,,,,,,,,,,,,,,,,,,,,,,,,,1:00,,,,,,Najaf,
,,,,,,,,,,,,,,,,,,,,,,,,,,,,,,,,,,,,,,,,,,,,,,,,,,,,,,,19:15,,,,,Gorr the God Butcher,
,,,,,,,,,,,,,,,,,,,,,,,,,,,,,,,,,,,,,,,,,,,,,,,,,,,,,,,14:15,,,,,King Valkyrie,
,,,,,,,,,,,,,,,,,,,,,,,,,,,,,,,,,,,,,,,,,,,,,,,,,,,,,,,5:30,,,,,Zeus,
,,,,,,,,,,,,,,,,,,,,,,,,,,,,,,,,,,,,,,,,,,,,,,,,,,,,,,,4:15,,,,,Love,
,,,,,,,,,,,,,,,,,,,,,,,,,,,,,,,,,,,,,,,,,,,,,,,,,,,,,,,3:15,,,,,Axl Heimdallson,
,,,,,,,,,,,,,,,,,,,,,,,,,,,,,,,,,,,,,,,,,,,,,,,,,,,,,,,1:45,,,,,King Yakan,
,,,,,,,,,,,,,,,,,,,,,,,,,,,,,,,,,,,,,,,,,,,,,,,,,,,,,,,1:00,,,,,Actor Loki,
,,,,,,,,,,,,,,,,,,,,,,,,,,,,,,,,,,,,,,,,,,,,,,,,,,,,,,,1:00,,,,,Actor Thor,
,,,,,,,,,,,,,,,,,,,,,,,,,,,,,,,,,,,,,,,,,,,,,,,,,,,,,,,1:00,,,,,Actor Odin,
,,,,,,,,,,,,,,,,,,,,,,,,,,,,,,,,,,,,,,,,,,,,,,,,,,,,,,,:30,,,,,Actor Hela,
,,,,,,,,,,,,,,,,,,,,,,,,,,,,,,,,,,,,,,,,,,,,,,,,,,,,,,,x:00,,,,,Hecules,
,,,,,,,,,,,,,,,,,,,,,,,,,,,,,,,,,,,,,,,,,,,,,,,,,,,,,,,,137:45,,,,Jennifer Walters,She-Hulk
,,,,,,,,,,,,,,,,,,,,,,,,,,,,,,,,,,,,,,,,,,,,,,,,,,,,,,,,27:45,,,,Nikki Ramos,
,,,,,,,,,,,,,,,,,,,,,,,,,,,,,,,,,,,,,,,,,,,,,,,,,,,,,,,,11:30,,,,Mallory Book,
,,,,,,,,,,,,,,,,,,,,,,,,,,,,,,,,,,,,,,,,,,,,,,,,,,,,,,,,11:00,,,,"Augustus ""Pug"" Pugilese",
,,,,,,,,,,,,,,,,,,,,,,,,,,,,,,,,,,,,,,,,,,,,,,,,,,,,,,,,7:00,,,,Mary MacPherran,Titania
,,,,,,,,,,,,,,,,,,,,,,,,,,,,,,,,,,,,,,,,,,,,,,,,,,,,,,,,5:45,,,,Todd Phelps,
,,,,,,,,,,,,,,,,,,,,,,,,,,,,,,,,,,,,,,,,,,,,,,,,,,,,,,,,5:00,,,,Luke Jacobson,
,,,,,,,,,,,,,,,,,,,,,,,,,,,,,,,,,,,,,,,,,,,,,,,,,,,,,,,,5:00,,,,Josh Miller,
,,,,,,,,,,,,,,,,,,,,,,,,,,,,,,,,,,,,,,,,,,,,,,,,,,,,,,,,5:00,,,,Donny Blaze,
,,,,,,,,,,,,,,,,,,,,,,,,,,,,,,,,,,,,,,,,,,,,,,,,,,,,,,,,5:00,,,,Madisynn King,
,,,,,,,,,,,,,,,,,,,,,,,,,,,,,,,,,,,,,,,,,,,,,,,,,,,,,,,,4:30,,,,Holden Holliway,
,,,,,,,,,,,,,,,,,,,,,,,,,,,,,,,,,,,,,,,,,,,,,,,,,,,,,,,,4:30,,,,Lulu,
,,,,,,,,,,,,,,,,,,,,,,,,,,,,,,,,,,,,,,,,,,,,,,,,,,,,,,,,4:15,,,,Wrecker,
,,,,,,,,,,,,,,,,,,,,,,,,,,,,,,,,,,,,,,,,,,,,,,,,,,,,,,,,4:00,,,,Man-Bull,
,,,,,,,,,,,,,,,,,,,,,,,,,,,,,,,,,,,,,,,,,,,,,,,,,,,,,,,,4:00,,,,El Águila,
,,,,,,,,,,,,,,,,,,,,,,,,,,,,,,,,,,,,,,,,,,,,,,,,,,,,,,,,3:45,,,,"Dennis ""Buck"" Bukowski",
,,,,,,,,,,,,,,,,,,,,,,,,,,,,,,,,,,,,,,,,,,,,,,,,,,,,,,,,3:30,,,,Morris Walters,
,,,,,,,,,,,,,,,,,,,,,,,,,,,,,,,,,,,,,,,,,,,,,,,,,,,,,,,,3:00,,,,Porcupine,
,,,,,,,,,,,,,,,,,,,,,,,,,,,,,,,,,,,,,,,,,,,,,,,,,,,,,,,,2:30,,,,Cornelius P. Willows,
,,,,,,,,,,,,,,,,,,,,,,,,,,,,,,,,,,,,,,,,,,,,,,,,,,,,,,,,1:45,,,,Elaine Walters,
,,,,,,,,,,,,,,,,,,,,,,,,,,,,,,,,,,,,,,,,,,,,,,,,,,,,,,,,,19:15,,,Jack Russell,
,,,,,,,,,,,,,,,,,,,,,,,,,,,,,,,,,,,,,,,,,,,,,,,,,,,,,,,,,17:45,,,Elsa Bloodstone,
,,,,,,,,,,,,,,,,,,,,,,,,,,,,,,,,,,,,,,,,,,,,,,,,,,,,,,,,,8:00,,,Verusa Bloodstone,
,,,,,,,,,,,,,,,,,,,,,,,,,,,,,,,,,,,,,,,,,,,,,,,,,,,,,,,,,3:45,,,Ted,Man-Thing
,,,,,,,,,,,,,,,,,,,,,,,,,,,,,,,,,,,,,,,,,,,,,,,,,,,,,,,,,3:30,,,Jovan,
,,,,,,,,,,,,,,,,,,,,,,,,,,,,,,,,,,,,,,,,,,,,,,,,,,,,,,,,,3:30,,,Azarel,
,,,,,,,,,,,,,,,,,,,,,,,,,,,,,,,,,,,,,,,,,,,,,,,,,,,,,,,,,2:45,,,Barasso,
,,,,,,,,,,,,,,,,,,,,,,,,,,,,,,,,,,,,,,,,,,,,,,,,,,,,,,,,,2:45,,,Liorn,
,,,,,,,,,,,,,,,,,,,,,,,,,,,,,,,,,,,,,,,,,,,,,,,,,,,,,,,,,:30,,,Ulysses Bloodstone,
,,,,,,,,,,,,,,,,,,,,,,,,,,,,,,,,,,,,,,,,,,,,,,,,,,,,,,,,,,22:30,,King K'uk'ulkan,Namor
,,,,,,,,,,,,,,,,,,,,,,,,,,,,,,,,,,,,,,,,,,,,,,,,,,,,,,,,,,15:00,,Riri Williams,Ironheart
,,,,,,,,,,,,,,,,,,,,,,,,,,,,,,,,,,,,,,,,,,,,,,,,,,,,,,,,,,3:30,,Aneka,
,,,,,,,,,,,,,,,,,,,,,,,,,,,,,,,,,,,,,,,,,,,,,,,,,,,,,,,,,,3:15,,Namora,
,,,,,,,,,,,,,,,,,,,,,,,,,,,,,,,,,,,,,,,,,,,,,,,,,,,,,,,,,,3:00,,Attuma,
,,,,,,,,,,,,,,,,,,,,,,,,,,,,,,,,,,,,,,,,,,,,,,,,,,,,,,,,,,2:30,,Director Valentina Allegra de Fontaine,
,,,,,,,,,,,,,,,,,,,,,,,,,,,,,,,,,,,,,,,,,,,,,,,,,,,,,,,,,,2:15,,Princess Fen (Namor's mother),
,,,,,,,,,,,,,,,,,,,,,,,,,,,,,,,,,,,,,,,,,,,,,,,,,,,,,,,,,,2:15,,Dr. Graham,
,,,,,,,,,,,,,,,,,,,,,,,,,,,,,,,,,,,,,,,,,,,,,,,,,,,,,,,,,,2:00,,Toussaint,T'Challa II
,,,,,,,,,,,,,,,,,,,,,,,,,,,,,,,,,,,,,,,,,,,,,,,,,,,,,,,,,,1:45,,Shaman Sope,
,,,,,,,,,,,,,,,,,,,,,,,,,,,,,,,,,,,,,,,,,,,,,,,,,,,,,,,,,,1:30,,Zawavari,
,,,,,,,,,,,,,,,,,,,,,,,,,,,,,,,,,,,,,,,,,,,,,,,,,,,,,,,,,,1:30,,River Tribe Elder,
,,,,,,,,,,,,,,,,,,,,,,,,,,,,,,,,,,,,,,,,,,,,,,,,,,,,,,,,,,1:30,,Merchant Tribe Elder,
,,,,,,,,,,,,,,,,,,,,,,,,,,,,,,,,,,,,,,,,,,,,,,,,,,,,,,,,,,1:30,,Border Tribe Elder,
,,,,,,,,,,,,,,,,,,,,,,,,,,,,,,,,,,,,,,,,,,,,,,,,,,,,,,,,,,1:30,,Mining Tribe Elder,
,,,,,,,,,,,,,,,,,,,,,,,,,,,,,,,,,,,,,,,,,,,,,,,,,,,,,,,,,,1:00,,U.S. Secretary of State,
,,,,,,,,,,,,,,,,,,,,,,,,,,,,,,,,,,,,,,,,,,,,,,,,,,,,,,,,,,,9:30,Kevin Bacon,
,,,,,,,,,,,,,,,,,,,,,,,,,,,,,,,,,,,,,,,,,,,,,,,,,,,,,,,,,,,4:45,Bzermiktoklok,
,,,,,,,,,,,,,,,,,,,,,,,,,,,,,,,,,,,,,,,,,,,,,,,,,,,,,,,,,,,1:15,Cosmo the Space Dog,
